Tempo;Erro Little 60;Erro Little 80;Erro Little 95;Erro Little 99
100;0.00000000001254640836;-0.00000000000559019497;0.0000000000176356707;0.00000000000244426701
200;-0.00000000002685518474;0.00000000003042632812;0.00000000000447286652;0.00000000000802913291
300;0.00000000008622302872;0.00000000004975753143;-0.00000000010778933301;0.00000000005084643817
400;0.00000000013986478642;-0.00000000004974687329;-0.00000000003427302886;-0.00000000003545608251
500;0.00000000025072233178;-0.00000000030219116098;-0.00000000022263790811;0.00000000006691891485
600;0.00000000037864089641;-0.00000000024439117396;-0.00000000026736834968;0.0000000002630997642
700;0.00000000048470405467;-0.00000000036141489801;-0.00000000017532464369;0.00000000047127457492
800;0.00000000059421401133;-0.00000000013367129625;0.00000000011019984925;0.00000000047263881697
900;0.00000000070403771701;0.00000000033320057824;0.00000000052157922426;0.00000000016408563397
1000;0.0000000010863407951;0.0000000002389941578;0.00000000045955239614;0.00000000019911539084
1100;0.00000000128135968502;-0.00000000010607426049;0.00000000044273562594;-0.00000000014870238374
1200;0.00000000141806211218;0.00000000030441738019;0.0000000002913456143;-0.00000000032962077512
1300;0.00000000188431426018;0.00000000070260686158;-0.00000000015787016139;-0.00000000027881696951
1400;0.0000000017555561449;0.00000000016933832114;-0.00000000069011285575;-0.00000000040394354528
1500;0.00000000124932619805;0.00000000027743896069;-0.00000000041915271254;-0.00000000038693315219
1600;0.00000000125143939655;-0.00000000013264722654;-0.00000000030144597929;-0.00000000047327830544
1700;0.00000000105558495278;0.00000000008847989008;0.00000000009075051821;-0.00000000047756998356
1800;0.00000000115885856466;0.00000000006168310307;-0.00000000030718183552;-0.00000000091250740297
1900;0.00000000134780697714;0.00000000072039529897;-0.00000000027409896575;-0.00000000041704595333
2000;0.00000000123929755347;0.00000000098284180794;-0.00000000033518965381;0.00000000044016701395
2100;0.00000000111243481093;0.00000000142368028477;-0.00000000034069103094;-0.00000000039193537305
2200;0.00000000057069282633;0.00000000096954000384;-0.00000000068461858405;-0.00000000046740922244
2300;0.00000000114653997407;0.00000000120836940454;-0.00000000032495250935;0.00000000013959322587
2400;0.00000000187877802205;0.00000000156881618807;-0.0000000006251035245;0.00000000030667024475
2500;0.0000000018048764705;0.00000000039586200984;-0.00000000076323303233;-0.00000000003784350611
2600;0.00000000268683697513;0.00000000049399195845;0.00000000076550676908;0.00000000042284398205
2700;0.00000000190508209208;0.00000000071410743985;0.00000000140667566484;0.00000000147548462337
2800;0.00000000246189824082;0.00000000305059000283;0.00000000189847426668;0.00000000194275173726
2900;0.00000000195244598267;0.00000000278928657949;0.00000000137690392421;0.00000000220248352889
3000;0.00000000137551570134;0.00000000255860443943;0.00000000061941207719;0.0000000014867396203
3100;0.00000000134218769432;0.00000000366451713418;0.00000000020251889055;0.0000000021793198357
3200;0.00000000108247077968;0.00000000491842211403;-0.00000000073207218065;0.00000000239492692344
3300;0.00000000046175752111;0.0000000034465577059;-0.00000000317449888598;0.00000000268202882125
3400;0.00000000278171996548;0.00000000469678473891;-0.00000000349790596488;0.00000000119699450352
3500;0.00000000406436972966;0.0000000062997069783;-0.0000000048696193744;0.00000000213579198771
3600;0.00000000551787815439;0.00000000520244380908;-0.00000000593874460719;0.00000000152810741838
3700;0.00000000353866136393;0.00000000080933793001;-0.00000000798394950152;0.00000000142767930811
3800;0.00000000376662145918;-0.00000000072973405096;-0.00000000670968347549;0.00000000040857628392
3900;0.0000000027077953213;-0.00000000119747234351;-0.0000000077549699995;0.00000000043667114369
4000;0.00000000118742793376;-0.00000000250027198945;-0.00000000860768167854;0.00000000086512841335
4100;0.00000000088740215176;-0.00000000386433862687;-0.00000000802553401513;0.00000000174469505509
4200;0.00000000106504693953;-0.00000000367149288749;-0.00000001016438488932;0.00000000216886064663
4300;0.00000000172360592465;-0.00000000302537461749;-0.00000000960302415365;0.00000000211261408367
4400;0.0000000025142077309;-0.00000000445976189312;-0.00000000964959312455;0.00000000146246748045
4500;0.00000000274017786239;-0.00000000317982928877;-0.00000000966451807471;-0.00000000031090507946
4600;0.00000000275484901557;-0.00000000243733655481;-0.00000000988443460415;0.00000000072516570526
4700;0.00000000014260925774;-0.00000000141840983403;-0.00000000940108790815;0.00000000135986510941
4800;0.00000000156633395143;0.0000000006902096672;-0.00000000999277460778;0.00000000211211670376
4900;0.00000000543992562108;-0.00000000002411626454;-0.00000000822662116207;0.00000000093660901257
5000;0.00000000451230097731;-0.00000000028033797506;-0.00000001022256412853;0.00000000195073823761
5100;0.00000000328137095273;0.00000000221877227702;-0.00000000898435814634;0.00000000199466398954
5200;0.000000002177021452;0.00000000242579556442;-0.0000000049677417735;0.00000000380346421025
5300;0.00000000269841726741;0.00000000397189037216;-0.00000000485076867562;0.00000000290923196644
5400;0.00000000110593290081;0.00000000082478379682;-0.00000000444331504923;0.00000000461892568637
5500;0.00000000296151814183;-0.00000000035740344018;-0.00000000267324296033;0.0000000033772948882
5600;0.00000000111404596659;-0.00000000120253274005;-0.00000000214777884366;-0.00000000000144950718
5700;0.00000000208104178334;-0.00000000335159588971;-0.00000000095176133641;-0.00000000236826736
5800;0.00000000092651841754;-0.0000000040869592155;-0.0000000020829880043;-0.00000000292851609629
5900;0.00000000316230086561;-0.00000000388262888507;0.00000000175847247874;-0.00000000321612958487
6000;0.00000000426103974327;-0.00000000422597201677;0.00000000188838455983;-0.00000000530555155365
6100;0.00000000450228387905;-0.00000000361586272035;0.00000000432106261883;-0.00000000469638905543
6200;0.00000000315649217875;-0.0000000025086905886;0.00000000307840863911;-0.00000000542570433026
6300;0.00000000337255712246;-0.00000000290142887494;0.00000000196580529632;-0.00000000639369091004
6400;0.00000000440515690592;-0.00000000264987054521;0.00000000123534960039;-0.00000000645047748549
6500;0.0000000059638418648;-0.0000000026443149892;0.00000000009992362493;-0.00000000652158860248
6600;0.0000000071981969274;-0.00000000338455619087;0.00000000062205174345;-0.00000000720106640983
6700;0.00000000515555464986;-0.00000000404228073236;0.00000000078787820712;-0.0000000021080239776
6800;0.0000000019522345962;-0.00000000800602961704;-0.00000000109242037638;0.00000000084966700342
6900;-0.00000000228632002219;-0.00000000719091008961;-0.00000000502137353919;0.00000000050110315897
7000;0.00000000131883970411;-0.00000001198384191881;-0.00000000569214009261;0.00000000414361522871
7100;-0.0000000001883566636;-0.00000001192051612975;-0.00000000890152662691;0.00000000457734472548
7200;-0.00000000201127514643;-0.00000001483633527144;-0.00000000714292269777;0.00000000491273510761
7300;-0.0000000071596968354;-0.0000000139514839681;-0.00000000929686549966;0.00000000478483741517
7400;-0.00000000876290817686;-0.00000001605808996885;-0.00000001201587096489;0.00000000713323800028
7500;-0.00000000780330844385;-0.0000000152897050576;-0.0000000109454987296;0.00000000919676779176
7600;-0.00000000604814598404;-0.00000001991706932714;-0.0000000091388834278;0.00000000749899697894
7700;-0.00000000305337044537;-0.0000000196545886233;-0.00000000598842575528;0.00000000542370059975
7800;-0.00000000558495916181;-0.000000020818320845;-0.00000000243385400722;0.00000000288795831693
7900;-0.00000000798353116949;-0.00000002207681548683;-0.00000000203339922678;0.00000000521237097928
8000;-0.00000001026897988865;-0.00000002077811300794;-0.00000000135285915803;0.00000000639519726064
8100;-0.00000001234830193653;-0.00000001915284508769;-0.00000000498258145853;0.00000000728211091428
8200;-0.00000001264721527505;-0.00000002012321065337;-0.00000000633009022977;0.00000000689576040713
8300;-0.0000000093959389158;-0.0000000174352927651;-0.00000000535878541541;0.00000001045688691192
8400;-0.00000001146500561156;-0.00000001935140891973;-0.00000000540805800142;0.00000000922574372453
8500;-0.00000001030716578754;-0.00000002000305476813;-0.00000000501666619357;0.00000001169681240754
8600;-0.00000000902279850834;-0.00000002315939040543;-0.00000000767011698599;0.0000000122622481058
8700;-0.00000000420966550507;-0.00000002489647021875;-0.00000001008551464565;0.00000001192661613914
8800;-0.00000000114966236531;-0.00000002462986481433;-0.00000001116590553352;0.00000001068936228421
8900;-0.00000000008022427167;-0.00000002384697683766;-0.0000000098825267969;0.00000000746157979847
9000;0.00000000055777804597;-0.000000023812246841;-0.00000001138998939609;0.00000001001806992917
9100;-0.00000000060354210518;-0.00000002357643369422;-0.00000001381807734901;0.00000000910978315005
9200;-0.00000000602703509323;-0.00000002430423018396;-0.00000001412959349523;0.00000000756801910029
9300;-0.0000000047619963528;-0.00000002809683286031;-0.00000001573663865884;0.0000000065612795197
9400;-0.00000000353963480748;-0.00000002792478692726;-0.00000001857718245901;0.00000000184972748229
9500;-0.00000000639076702669;-0.0000000268399178438;-0.00000001931462634275;-0.00000000282808798602
9600;-0.00000000640023234411;-0.00000002914795693698;-0.0000000220314042565;-0.00000000153012535975
9700;-0.00000000297879032551;-0.000000030286800623;-0.00000001941171134945;-0.00000000586028647831
9800;-0.00000000473858152716;-0.00000002941134491508;-0.00000002206341065403;-0.00000000088375884388
9900;-0.00000000515480635954;-0.00000003348574972861;-0.00000001659654813579;-0.00000000244732234478
10000;-0.00000000637776165213;-0.00000002777483665284;-0.00000002334155269068;-0.00000000122795995594
10100;-0.00000000894049301259;-0.00000002526218123577;-0.00000002301455026554;-0.000000000188975946
10200;-0.00000000513573672478;-0.00000002315782232643;-0.0000000220349107849;-0.00000000297679036976
10300;-0.00000000323251425627;-0.00000002144938227033;-0.00000002406755683637;0.00000000320672199905
10400;-0.00000000042930925481;-0.00000002023671497042;-0.00000002417338151872;0.00000000844812575451
10500;-0.00000000065923466686;-0.00000002623099115695;-0.00000002031994839058;0.00000000717059833732
10600;-0.00000000683287937342;-0.00000003624071887032;-0.00000001761136303458;0.00000000920549325656
10700;-0.00000000995208293553;-0.00000003410360571721;-0.0000000209720418809;0.00000000896697827102
10800;-0.00000000564138047388;-0.00000003436224327302;-0.00000002356213357757;0.00000000747584749661
10900;-0.0000000035611897875;-0.00000003508166068755;-0.0000000266617412592;0.00000000474420858154
11000;-0.00000000331034710754;-0.00000003336284226663;-0.00000002415683653112;0.00000000641185238237
11100;-0.00000000657885945721;-0.00000003718211827319;-0.00000002555677269811;0.00000000263389665633
11200;-0.00000001047525599596;-0.0000000410203289114;-0.00000002519486486108;-0.00000000212457962334
11300;-0.00000001029154250709;-0.00000003729355402271;-0.00000002522615005773;-0.00000000046374282192
11400;-0.00000000831284818759;-0.00000003573386164746;-0.00000001983102748682;-0.00000000232864749705
11500;-0.00000000931241972424;-0.00000003659174119264;-0.00000002379367103345;-0.00000000095782581866
11600;-0.00000001021435180881;-0.00000003397430781149;-0.00000003298093531612;0.00000000096657970516
11700;-0.00000001053511189397;-0.00000003106118606766;-0.00000003500226597453;0.00000000362196317383
11800;-0.00000001687051143229;-0.00000002974226953611;-0.00000003102083567796;0.00000000237525910052
11900;-0.00000001626156320711;-0.00000003280133764605;-0.00000003505193646447;0.00000000572475755689
12000;-0.0000000192761220319;-0.00000003333739284628;-0.00000003659182823412;0.00000000685675161094
12100;-0.00000002276185018246;-0.00000003424663086449;-0.00000004006606602047;0.00000000944913836065
12200;-0.00000002345726346498;-0.00000003447643459609;-0.00000003726590591668;0.00000000862394244905
12300;-0.00000002574805724187;-0.00000002481883321082;-0.00000003202795539892;0.00000000976906733285
12400;-0.00000002874313009826;-0.00000002683006439241;-0.00000003052043950902;0.00000000747526485156
12500;-0.00000003061825992745;-0.00000002660042852654;-0.0000000305766647557;0.00000000400018507207
12600;-0.00000003109470059215;-0.00000003033659989882;-0.00000002937378340562;0.00000000136003563966
12700;-0.00000003087341093888;-0.0000000333202625491;-0.00000002892592121384;-0.00000000013312728697
12800;-0.000000029829459125;-0.00000003241891954886;-0.00000002909039764631;0.00000000311206349579
12900;-0.00000003058342334938;-0.00000003456977681893;-0.00000002836414125795;0.000000001496061941
13000;-0.00000003186814345746;-0.00000003390576797102;-0.00000002675461985291;-0.00000000465081484435
13100;-0.000000031427550784;-0.00000003311466256761;-0.00000002407583465924;-0.0000000095118224408
13200;-0.00000003054411856773;-0.00000002752057293165;-0.00000002785139230355;-0.0000000156573349841
13300;-0.00000003990416974631;-0.00000002937710030793;-0.00000003091984979164;-0.0000000164112634593
13400;-0.00000002870022530743;-0.00000001806998550791;-0.00000002731190562599;-0.00000002037620561168
13500;-0.00000003448995866684;-0.00000001162096818774;-0.00000002414103406068;-0.00000002302626000983
13600;-0.00000003204026732817;-0.00000000828229351768;-0.00000001652857406498;-0.00000001758377266015
13700;-0.00000002591787939821;-0.00000001054163378811;-0.00000001066067056854;-0.00000001762677470651
13800;-0.00000001602139909629;-0.00000001154860962416;-0.00000000612500272723;-0.0000000230943015822
13900;-0.00000001136340399555;-0.00000001359602519457;0.00000001160065110639;-0.00000003603231846228
14000;-0.00000000676170430758;-0.00000001848819719541;0.00000000983611059269;-0.00000004319286972532
14100;-0.00000000136335254197;-0.00000001198316335049;0.00000000953716750018;-0.00000005111668599511
14200;-0.00000000591586246657;-0.00000001158821794078;0.00000001179202513413;-0.00000004526229702151
14300;-0.00000000741809369487;-0.00000001340865463106;0.0000000205129815356;-0.0000000424041104452
14400;-0.00000000470254013507;-0.00000001017908735079;0.00000001883891087573;-0.00000004414407328568
14500;-0.0000000058776736811;-0.00000001587032016914;0.00000001781034697501;-0.00000004076372306372
14600;0.00000000532902366679;-0.00000001100679103416;0.00000002299706736153;-0.00000003755386046578
14700;0.00000000578582048938;-0.00000002013864408568;0.00000002224093265113;-0.00000003649259383565
14800;-0.00000000064869087879;-0.00000001519698500374;0.00000002553965572361;-0.00000004214327020691
14900;0.00000000629626639714;-0.00000002618222705308;0.00000002484711814077;-0.00000004735471748063
15000;-0.00000000549538814454;-0.00000002661024511852;0.00000003146217508743;-0.00000004633042749447
15100;0.00000000401284672158;-0.00000002081772310092;0.00000002972079471419;-0.0000000478758721556
15200;0.00000000159207558248;-0.00000002547529343033;0.00000003073547105714;-0.00000004043897661177
15300;0.00000000852999937351;-0.00000001748431621706;0.00000003301845552528;-0.00000003841100237878
15400;0.00000001444863961808;-0.0000000143523481988;0.00000003514755064771;-0.00000003735176790087
15500;0.00000001397245874557;-0.00000000617284978688;0.00000003392286984649;-0.00000003936537495974
15600;0.00000001362306334407;-0.0000000036173712914;0.00000002984867464306;-0.0000000365932777413
15700;0.000000014645122004;-0.0000000083638327375;0.00000002718241276511;-0.00000003620723987297
15800;0.00000001986672826249;-0.00000000447859971331;0.00000002891896500046;-0.00000003851616270367
15900;0.00000001467361188112;-0.00000001126243454053;0.00000002555047728947;-0.0000000404521784958
16000;0.00000000782445019887;-0.00000001636869706445;0.00000002090224526796;-0.0000000459599647229
16100;0.00000000998236693306;-0.00000002334746573851;0.00000001433645380189;-0.00000004544227749648
16200;0.00000001654331072132;-0.00000001306080887886;0.00000001933321414072;-0.0000000438855494167
16300;0.00000001905156254978;-0.00000000846267145249;0.00000001969650753608;-0.00000004133886477575
16400;0.00000000963975610446;-0.00000001222978607274;0.00000001567101648448;-0.00000003536845838426
16500;0.00000000543403477771;-0.00000001125519277778;0.00000002009473121234;-0.0000000315291259767
16600;0.00000000425947366267;-0.00000000372537467541;0.0000000260640362626;-0.00000003580791485547
16700;0.00000000423052615162;0.00000000182956494399;0.00000003095816580867;-0.00000002898863726841
16800;0.00000000312352987919;-0.00000000299135516357;0.00000002994599768158;-0.00000002842820379101
16900;-0.00000000052774318249;-0.00000000232126673438;0.00000003911898360798;-0.000000033087857787
17000;-0.00000000420348778007;-0.00000000006590727963;0.00000003931700831572;-0.00000003326091757572
17100;-0.00000000000290389934;-0.00000000204300087958;0.00000003776830226343;-0.00000002952940292289
17200;-0.00000000030468183532;-0.00000000056163651507;0.00000003285317617951;-0.00000002546373423229
17300;0.0000000045051748998;0.00000000289389712194;0.00000002905760254635;-0.00000002222358830295
17400;0.00000001009139927177;0.00000000242611841728;0.00000003127611947207;-0.00000002920315012034
17500;0.00000001133656279961;-0.00000000227094920646;0.00000003270600856808;-0.00000003280165117303
17600;0.00000000875224137609;-0.00000000070387429218;0.00000003939826243027;-0.00000003471488696505
17700;0.00000000105679753837;-0.00000000171736802557;0.00000003884316512881;-0.00000002503963969502
17800;-0.00000000077686990174;0.00000000042482417584;0.00000004279597831669;-0.00000003185249397575
17900;-0.00000000301134650549;0.0000000038482448339;0.00000004567765543584;-0.00000002785617425616
18000;-0.00000000221699170133;0.00000000055796967047;0.00000003903245726633;-0.00000002441161939259
18100;0.00000000052896953484;0.00000000282230949722;0.00000004323461766376;-0.00000002515611186027
18200;0.00000000018133028412;0.0000000000341313644;0.00000004610517478909;-0.00000002776420160444
18300;0.00000000328015903328;0.00000000443327374811;0.00000004592354940769;-0.00000002336705051675
18400;0.00000000273328959466;0.00000000264913202486;0.00000004379383611308;-0.00000002686823563636
18500;0.0000000069597831942;0.00000000016212720055;0.00000004724154933911;-0.00000002653240471773
18600;0.00000000535357425058;0.00000000398190325157;0.00000004325076830014;-0.00000003358368871886
18700;0.00000000180955495033;0.00000001641481039982;0.00000005866698060686;-0.0000000211856132637
18800;0.00000001526433113241;0.00000003456662689416;0.00000006168955479779;-0.00000002232972917682
18900;0.0000000265372501751;0.00000002779557695121;0.00000006671426078242;-0.00000000813831491087
19000;0.00000001426693785334;0.00000001952004602401;0.00000005759103061109;-0.0000000005653930657
19100;-0.00000000467327132547;0.00000001268246929698;0.00000005863173768716;0.00000000082468432083
19200;-0.0000000072845383059;0.00000002427369727442;0.00000005947836356768;0.00000000623600726612
19300;-0.00000000753292628275;0.0000000272191376105;0.00000005795209645498;0.00000002545567667767
19400;-0.0000000173080110244;0.00000002518414499164;0.00000005654502643893;0.00000003438015028223
19500;-0.00000001718861675215;0.00000002640036766977;0.00000005545041403821;0.00000003459093989022
19600;-0.0000000348120110516;0.00000002647320274107;0.00000005121563617649;0.00000004034269807107
19700;-0.0000000372740829313;0.00000003098045597838;0.0000000370751429557;0.00000004757723104376
19800;-0.00000003330980713478;0.00000003127148540116;0.00000003796995429184;0.0000000438968470462
19900;-0.00000002515498853661;0.00000003025272654611;0.00000005779791578675;0.00000004495649363889
20000;-0.00000002963446799065;0.00000002355270822818;0.00000004929908925533;0.00000004017607579954
20100;-0.00000000877878902905;0.00000003855795815966;0.00000004601482217481;0.00000004112534668366
20200;-0.00000000027847613104;0.00000003080294641578;0.00000003732122522138;0.0000000389321428429
20300;0.00000000169955849394;0.00000001469473032145;0.00000003664312231422;0.00000003953338989504
20400;0.00000000356501916876;0.00000000839813685261;0.00000004723510471649;0.00000002887176719923
20500;-0.0000000000537980771;0.00000000359731799904;0.0000000393524288711;0.0000000247877522952
20600;-0.00000000405339162235;0.00000000567163915832;0.0000000385894374233;0.00000001619159206712
20700;-0.00000000875204397843;0.00000000698261226617;0.00000004119193164343;0.00000001078211653294
20800;-0.00000000180950943118;0.00000000404841093982;0.0000000379953704055;0.00000001875113753158
20900;-0.00000000807093281097;0.00000001169307983773;0.00000003911970836157;0.00000002308544821972
21000;-0.00000000857418247513;0.00000001786151138106;0.0000000371902260099;0.00000001437895491563
21100;-0.00000000382150688871;0.00000002235851059851;0.00000003814172799821;0.00000001379837044624
21200;-0.00000000224158780426;0.00000000436760938527;0.00000003718762542348;0.00000001933032933721
21300;0.00000000309484415872;0.00000000853327231098;0.00000004345849902165;0.0000000137079751994
21400;0.00000000062280358648;0.00000000824451840131;0.00000004242464868298;0.00000000706738489953
21500;-0.00000000556087709214;0.00000000648073683607;0.0000000361667318316;0.00000000391423782276
21600;-0.00000000470160355093;0.00000000529463628496;0.0000000395824422128;0.00000000914988618206
21700;0.00000000270156408355;0.00000001657787329634;0.00000005409995296191;-0.00000000201038119485
21800;-0.00000000507403408179;0.00000000844040970449;0.00000004072272119515;-0.00000000072486727731
21900;-0.00000000148112522247;0.0000000070075931724;0.00000003447757634945;-0.00000000294539859169
22000;-0.00000000135539690582;-0.00000000487565587903;0.00000002349036876126;0.00000000496774532621
22100;-0.00000000196476679371;-0.00000000070967498544;0.0000000191439752939;-0.00000000592831383983
22200;0.00000001444602037992;-0.00000000917849085624;0.00000002337711535461;0.00000000191697324681
22300;0.00000002095264917124;-0.00000001088702950014;0.00000002281529276615;0.00000001090668888537
22400;0.00000002759894290882;-0.00000001669968208162;0.00000003060368314323;0.00000001533602755899
22500;0.00000001200699206727;-0.00000002024280876256;0.00000003017696315055;0.0000000067302039497
22600;0.00000001270760985328;-0.00000000796184629337;0.00000003047794194799;0.00000002072066251912
22700;0.00000001456109011144;0.00000000073034422954;0.00000002049956293604;0.00000002149880629077
22800;0.00000001691854789598;0.00000000682943301911;0.00000002048535208132;0.00000002785412789308
22900;0.00000001315756437137;-0.00000000157188306815;0.0000000222986358267;0.0000000401180955123
23000;0.00000001470345978305;0.00000000268503486112;0.00000002108217245222;0.00000004178976098501
23100;0.0000000185244835027;-0.0000000044667385346;0.0000000305932097433;0.00000005243596490345
23200;0.00000002177746849519;0.00000000363921381918;0.00000002800520704227;0.0000000551928707182
23300;0.00000002420006595116;0.00000000280244893958;0.00000001813894456859;0.00000005478996456532
23400;0.0000000291359774085;0.00000000147450629484;0.00000001810706606875;0.00000005978149886232
23500;0.00000002599329285147;0.00000000518664533544;0.00000001223000722916;0.00000006950610043077
23600;0.00000001595122567366;0.00000001656793946481;0.00000000757919238481;0.00000007697303772147
23700;0.00000001814395678146;0.00000002062865567254;0.00000000389351484387;0.00000008192387213057
23800;0.0000000155010249081;0.00000002112295538481;-0.00000000243293385438;0.00000007949158487008
23900;0.00000001666191007388;0.00000001136959060233;0.00000000569910696413;0.00000007683976832595
24000;0.00000001426786688796;0.00000001385952907995;0.00000000916599418588;0.00000007932204937333
24100;0.00000001076901323671;0.00000001078921796349;0.00000000830800317431;0.0000000722700406186
24200;0.00000000711052106084;0.00000001077651923254;0.00000001452329456697;0.00000007296148396563
24300;0.00000001081095080124;0.00000000888147244638;0.00000000666267752081;0.00000007460805306891
24400;0.0000000120335410525;-0.00000000242076980683;0.00000000835006730426;0.00000007833388337986
24500;0.00000001604812349676;-0.00000001023688867008;0.00000000935981958605;0.00000008088308334209
24600;0.00000001941412963724;-0.00000000261793386969;0.00000000966777591316;0.00000008667686302033
24700;0.0000000160548181416;0.00000000401623134749;0.00000001617049605329;0.00000008008575491658
24800;0.00000001816304995295;-0.0000000038951104564;0.00000000582595660603;0.00000008284099806133
24900;0.00000001056155962686;-0.00000000659040022555;0.00000000011055334426;0.00000008414536978307
25000;-0.00000000056021609574;-0.0000000099764139172;-0.00000000651428777587;0.00000008291358710721
25100;0.00000000292743251862;-0.00000000338755956619;-0.00000000961549773137;0.00000009067288431197
25200;0.00000000052782622717;0.00000000877786865416;-0.0000000155086432585;0.00000008176694166195
25300;-0.00000000330743965549;0.00000001059138998727;-0.00000001453756581782;0.00000008013473973278
25400;-0.00000001341255351228;0.00000000299669578041;-0.00000001692539441933;0.00000007355426134836
25500;-0.00000001905913360467;0.00000000033798919219;-0.00000000785755105426;0.00000007874226071181
25600;-0.00000001787404624309;-0.00000000238884645398;-0.0000000013710845792;0.00000008276388996364
25700;-0.00000001590153386744;0.00000000240410980012;-0.00000000691106549766;0.00000008228519732256
25800;-0.00000000921853793301;0.00000000436990621466;-0.00000000400198985062;0.00000008292616371364
25900;-0.00000000559164936575;-0.0000000030725071376;0.0000000001669775429;0.00000007842042748507
26000;-0.00000000785159448569;-0.00000000173263536851;-0.0000000051169273263;0.0000000705079941099
26100;-0.00000000526192867056;-0.00000000624132656668;-0.00000000346499007264;0.00000007512385025166
26200;-0.0000000137727045324;-0.00000000793722865211;-0.00000000113777787192;0.00000008050460564846
26300;-0.0000000080702171612;-0.00000000816327494491;-0.00000001177956576726;0.00000008416124330779
26400;-0.00000000646090314582;-0.00000001122032911027;0.00000000951069978328;0.00000008942143381319
26500;-0.00000000355636875504;-0.00000002043593738676;0.00000000549663070615;0.00000009451837001961
26600;-0.00000000137788513932;-0.00000002503733043113;0.00000002717555958043;0.0000000938317867849
26700;-0.00000001317640019316;-0.00000001577300023925;0.00000004428456534811;0.0000001038893913119
26800;-0.00000000018817725156;-0.00000000140575195928;0.00000005385919976675;0.0000001105326674633
26900;0.00000001288273132616;0.0000000105096469305;0.0000000533285700044;0.00000009970621306366
27000;0.0000000173477665566;-0.00000000095218721796;0.00000005341029307715;0.00000009787666499506
27100;0.00000001334026045186;0.00000001705446672773;0.00000004663457886522;0.00000011230297047859
27200;0.00000002393816345148;0.0000000129792425696;0.00000005446813489129;0.00000010387186932803
27300;0.000000024477943672;0.00000000006130607133;0.00000005562287697103;0.00000011744687355986
27400;0.00000003303240347918;0.00000001233641766518;0.00000007443966865139;0.00000012763771906066
27500;0.00000003567656503556;0.00000000871773897515;0.00000007662557521826;0.00000012120482040245
27600;0.000000032954795115;0.00000001494293844218;0.00000006848096134604;0.00000011628003449005
27700;0.0000000331283804833;0.00000001370078184237;0.00000007956112924035;0.00000011871289018472
27800;0.00000002314807501236;-0.00000000450104753469;0.00000009322405247758;0.00000012515842229277
27900;0.00000000386266729713;0.00000001205349065003;0.00000010020285756696;0.0000001345423896737
28000;-0.00000000108519260245;-0.00000001556850071083;0.00000012124757375886;0.00000013750353389241
28100;-0.00000000131968569406;-0.00000001397548610171;0.00000012126471204965;0.00000013498227247055
28200;0.00000000615637207879;-0.00000001804248928039;0.00000014029416917083;0.00000013130522802385
28300;0.00000001274357908088;-0.00000002300109303022;0.00000013698696932352;0.00000013418519984043
28400;0.00000001389934589646;-0.00000002713413005395;0.00000014781526047614;0.00000012829613638132
28500;0.00000001648298164625;-0.00000003713717822151;0.00000013399256459934;0.0000001025969282864
28600;0.00000001591622877939;-0.00000003533559489455;0.0000001202733059813;0.00000010002351302774
28700;0.00000001485364409248;-0.00000003708708495864;0.00000011031126945227;0.00000010444220777117
28800;0.00000001844320252076;-0.00000002301354173895;0.00000011573042613122;0.00000012074490030045
28900;0.00000002327741754904;-0.00000002636361662312;0.00000011864171156617;0.00000012635724999654
29000;0.00000001825930162624;-0.00000003711690688135;0.00000012136402105511;0.00000013197613668581
29100;0.00000001956695405703;-0.00000002226081452505;0.00000010870598288193;0.00000013287453271005
29200;0.00000001284889461495;-0.00000003930195591195;0.00000009332463335454;0.00000011942539401844
29300;0.00000001730972898351;-0.00000004796238073368;0.0000001035784258363;0.00000012467195631416
29400;0.00000001211586853067;-0.00000003738088016902;0.00000009277248835815;0.00000012023517115267
29500;0.00000001234961133356;-0.00000002110409313971;0.00000010299163832883;0.00000011529486698691
29600;0.00000000208952921632;-0.0000000309101220175;0.0000001064738803791;0.00000012671431193212
29700;-0.00000001420727024914;-0.00000003820908967;0.00000010618513002214;0.00000011315280801227
29800;-0.00000000462223659348;-0.00000002374737340105;0.00000010279292439463;0.00000010931694305327
29900;-0.00000000951858680764;-0.00000001579952924047;0.00000011046666514858;0.0000001111247343033
30000;-0.00000002002912902199;-0.00000001775770464008;0.00000011862201887425;0.00000012344207789283
30100;-0.00000002233553653141;-0.00000001233094959474;0.00000013691505529323;0.00000011594177351526
30200;-0.00000003450139951511;-0.00000002937661802704;0.00000014739640263883;0.00000012995339204736
30300;-0.00000001676897332104;-0.00000003464266784547;0.00000015542364195653;0.00000014647201851403
30400;-0.00000000534362154525;-0.00000004405962128473;0.00000014025699712761;0.00000015630227778729
30500;-0.00000000586200998853;-0.00000004240947060197;0.0000001501613375865;0.00000015529882091414
30600;-0.00000001136946026215;-0.00000003033406281716;0.00000015050343193934;0.00000015804597808255
30700;0.00000000149421297557;-0.00000004064841263585;0.00000014453560837069;0.00000017725602674545
30800;-0.00000002195628856505;-0.00000006010787334532;0.00000013151419153701;0.00000017440720512241
30900;-0.00000001697144758062;-0.00000005782891454587;0.00000013643949614561;0.00000017461188406287
31000;-0.00000002590222769605;-0.00000006369336125189;0.00000013607455784381;0.0000001729133742856
31100;-0.00000003159973105404;-0.00000005208370001952;0.00000012702989948821;0.00000017593346512967
31200;-0.00000003857744723668;-0.00000005220307697229;0.00000013513902175077;0.00000016459257778934
31300;-0.00000002893688999528;-0.00000003420684668853;0.00000013105026397398;0.00000015532523889306
31400;-0.00000003129606573893;-0.00000004538439402069;0.00000012776163060835;0.00000015696585364822
31500;-0.00000004273584375269;-0.00000005394243673962;0.00000012516228409254;0.00000015165552724739
31600;-0.00000001987532294301;-0.00000004000900011292;0.0000001296640981252;0.00000015007987030913
31700;-0.00000001451405862163;-0.00000004602033865098;0.00000012765475077003;0.00000014774384737848
31800;-0.00000000984863945952;-0.00000003791450220447;0.0000001262819715464;0.00000016258009338799
31900;-0.00000001480771616436;-0.00000003167093343137;0.00000011583414405436;0.00000015409486309181
32000;-0.00000001010307726368;-0.00000004032365863438;0.00000011497961338591;0.00000014229958367196
32100;-0.00000002821950007004;-0.00000004630528893657;0.00000011403279387423;0.0000001487057659233
32200;-0.00000003459935471462;-0.0000000465948675199;0.00000012100219137778;0.00000016119356871513
32300;-0.00000003780021384792;-0.00000005116928836202;0.00000011136053146288;0.00000016557690685204
32400;-0.00000004001861930725;-0.00000006538110097765;0.00000010029744501594;0.00000016492748500241
32500;-0.00000003380833435429;-0.00000006595478652116;0.00000010540373551748;0.00000017032195387401
32600;-0.00000003445406138169;-0.00000005978137718188;0.00000011896381124643;0.00000017311573685674
32700;-0.00000004379809870336;-0.00000006711048472496;0.00000010490148838471;0.0000001695708817806
32800;-0.00000004196196745632;-0.00000006916191042095;0.00000010756571100501;0.00000016014368497963
32900;-0.00000004226057548351;-0.00000005325615726193;0.00000010696486896222;0.00000015286732946151
33000;-0.00000003134997572651;-0.00000006517136519335;0.00000011670741173475;0.00000016480824172049
33100;-0.00000003037789664262;-0.00000005710310313489;0.00000012052734632562;0.00000015881951753727
33200;-0.00000002174213342698;-0.00000006085155535018;0.00000012309526908894;0.0000001804104385883
33300;-0.00000001974806274063;-0.00000005833299665525;0.00000012174372798768;0.00000017806095797823
33400;-0.00000003024956618525;-0.0000000662598771406;0.0000001187134799352;0.00000017763156279216
33500;-0.00000003607251075621;-0.00000006948587571998;0.00000012520168368724;0.00000019145628016304
33600;-0.00000003749452193169;-0.0000000710363954326;0.00000012834529172778;0.00000018413719260479
33700;-0.00000003542031179471;-0.00000006630518978312;0.00000014036469053735;0.00000019540462403711
33800;-0.00000003265891534987;-0.00000007448890704254;0.00000015097516126161;0.00000019226196457112
33900;-0.00000003970591633262;-0.00000008164743325878;0.00000015151665166968;0.00000018315490990517
34000;-0.00000004252797580762;-0.00000010063316180364;0.00000016149452619629;0.00000017642669547513
34100;-0.0000000405935400849;-0.00000009752521723527;0.00000017024255782871;0.00000018527333622842
34200;-0.0000000400447766058;-0.00000009371859466256;0.00000016191401996934;0.00000018767241272144
34300;-0.00000004854381252528;-0.00000008536735629505;0.00000015363484351383;0.00000017991563083797
34400;-0.00000006106338812373;-0.00000007687740710693;0.00000015527175634134;0.00000016780256828497
34500;-0.00000005564830618532;-0.00000008644134208424;0.00000016529271462673;0.00000016025241222906
34600;-0.00000005701267302705;-0.00000008414230201481;0.00000017612904912312;0.00000015980057810339
34700;-0.00000004644305384716;-0.00000008163877573963;0.00000018455897432545;0.00000015643382766939
34800;-0.0000000405617628374;-0.00000008647105120829;0.00000017912599403758;0.0000001640420066451
34900;-0.00000003967713757547;-0.00000008051914424101;0.00000018572669802097;0.0000001531457769488
35000;-0.000000040357815978;-0.00000009085134333731;0.00000019741148093999;0.00000015032087219424
35100;-0.00000003786779911863;-0.00000009795267219559;0.00000019101182147097;0.00000014712971108111
35200;-0.00000004047430923748;-0.00000012320176168146;0.00000019307379517386;0.0000001401237312848
35300;-0.00000003434391193657;-0.00000010941941885889;0.00000019321702282582;0.0000001588334725966
35400;-0.00000003599428577417;-0.00000011550560374829;0.00000018818646196905;0.0000001480514697505
35500;-0.00000003902735778993;-0.00000009822229118939;0.00000017661012208237;0.00000015441285938778
35600;-0.00000004487595783864;-0.00000010551100393386;0.00000018025249914899;0.00000014983574203598
35700;-0.0000000613328272614;-0.00000010116201165644;0.00000019205597823202;0.00000015710234890776
35800;-0.00000006145157227522;-0.00000011781621767071;0.00000020004981493571;0.00000015805218822607
35900;-0.00000005629939625607;-0.00000011718055104026;0.00000019670267903393;0.00000016883583953131
36000;-0.00000004997305613763;-0.00000012053785969357;0.00000019076733792645;0.00000016828138882374
36100;-0.0000000562233490875;-0.00000013013593802569;0.00000020601682848564;0.00000015675688302963
36200;-0.00000004110188278617;-0.00000012265908111431;0.00000020444758419558;0.00000016492619181463
36300;-0.00000002822405353875;-0.0000001165158942662;0.0000001990424216558;0.00000015161863586854
36400;-0.00000002514936037201;-0.00000011433934909988;0.00000020093574804037;0.0000001400296838483
36500;-0.00000002267888898899;-0.0000001171355279439;0.00000020882675499934;0.00000013486273076069
36600;-0.00000001778729741275;-0.00000010955072582419;0.00000020605842010468;0.00000013301786339071
36700;-0.00000002200579896083;-0.00000012178059671797;0.0000002159670273727;0.0000001436477958805
36800;-0.00000002059252812714;-0.00000012648989278219;0.00000021913451675459;0.00000013981802737817
36900;-0.00000002762583428684;-0.00000012895655654432;0.00000021739645106322;0.00000013740746851454
37000;-0.00000002399748066928;-0.00000013142229615681;0.00000020998178840159;0.00000013456559599945
37100;-0.0000000187154844955;-0.00000013282576061258;0.00000021394841098754;0.0000001241985927436
37200;-0.00000004107965190236;-0.00000013645176233368;0.00000019717248278539;0.00000010778428816138
37300;-0.00000004786312635119;-0.00000012272828131543;0.00000019619503532908;0.00000009037874804108
37400;-0.00000005429931326795;-0.00000011602809335542;0.00000019420637542567;0.00000010158358065837
37500;-0.00000004936558406499;-0.00000008589640732026;0.00000019140311025012;0.00000010346305145958
37600;-0.0000000521476157811;-0.00000007476445551546;0.00000018153698633228;0.00000011460755899861
37700;-0.00000003308373197619;-0.00000009601934181092;0.00000019630160608131;0.00000011411545131068
37800;-0.00000001891535106324;-0.00000009530001054969;0.00000020850978899034;0.00000014132957915081
37900;-0.0000000200908272241;-0.00000010093793401111;0.00000020569146386151;0.00000014395894254449
38000;0.00000000118483467482;-0.00000010509536529923;0.00000019589828070821;0.00000014973331019519
38100;0.00000001202355837115;-0.0000001097257578131;0.00000021384581572192;0.0000001080331344383
38200;0.00000001895240187011;-0.00000007766827403444;0.00000022157266243994;0.00000011012184586434
38300;0.00000002816009603279;-0.00000008775755944157;0.0000002388198616643;0.00000010183882181991
38400;0.00000001301227392503;-0.00000008947051943764;0.00000024346583415991;0.00000009892480079543
38500;0.00000001668116689224;-0.00000010267023009547;0.00000024993520142402;0.00000009944484702373
38600;-0.00000002295114609474;-0.0000001167515422118;0.00000026151589338497;0.00000009159974467821
38700;-0.00000001835918395088;-0.00000011032993496585;0.00000027407310909666;0.00000011888067774635
38800;-0.00000000419200496538;-0.00000012222217682378;0.00000026352179460787;0.00000011843343372675
38900;-0.00000000662948740349;-0.00000012163986928826;0.00000025239679857236;0.00000010836005515102
39000;-0.00000001591925768984;-0.00000012318730879812;0.000000259283755355;0.00000011217380802009
39100;-0.00000001863482901321;-0.00000013440715118662;0.00000027279950387538;0.00000010711322318002
39200;-0.00000001956425976779;-0.00000012336600141438;0.00000027882120789968;0.00000009261681555017
39300;-0.00000003940522241841;-0.00000014005491077995;0.00000026066748404219;0.00000008153541841693
39400;-0.00000005556869187018;-0.00000015260742136647;0.00000026238425476777;0.00000008107295457194
39500;-0.0000000447592816144;-0.00000015027414690394;0.0000002641533995984;0.00000009923944332968
39600;-0.00000004504701944796;-0.00000013099146967122;0.00000026248898876702;0.0000001014742707639
39700;-0.00000003124659686549;-0.00000011545864575524;0.00000024651085439586;0.00000012813463001748
39800;-0.0000000420350318997;-0.00000011945485089981;0.00000026420284271467;0.00000012630630408239
39900;-0.00000004438597778211;-0.00000010292865892936;0.00000026395591135042;0.00000011080292949828
40000;-0.00000003890887700919;-0.0000000840798262125;0.00000025886379617646;0.00000011158357438035
40100;-0.00000002308213598035;-0.0000000850123100804;0.00000025077829235443;0.00000010427227437049
40200;-0.00000001008098049482;-0.00000008296447351341;0.00000026760047333596;0.00000011194678961601
40300;0.00000000862438920279;-0.00000008870668821714;0.00000028470989477114;0.00000011972569780028
40400;0.00000001329126253502;-0.00000009606453188482;0.00000028177355559933;0.00000013636791607041
40500;0.00000001300479035571;-0.00000010714034281989;0.00000025867144870517;0.00000014512346524498
40600;0.00000002263659348856;-0.00000010895630619956;0.00000024908047180361;0.00000014165307504754
40700;0.00000001551493622465;-0.00000009689923263778;0.00000025145429205509;0.00000013775999718746
40800;0.00000001195942234133;-0.00000009816307278143;0.00000025158159999705;0.0000001425272699862
40900;0.00000001166139340647;-0.00000009984079518688;0.00000025530238190186;0.00000013814131705203
41000;0.00000000299555868999;-0.0000000940567463914;0.00000026441702516422;0.00000014845306850475
41100;-0.00000001201864763267;-0.00000009475939855008;0.0000002550416304814;0.00000013709318125166
41200;0.00000000382761156104;-0.00000008500917347831;0.00000026882609915901;0.00000012037108376717
41300;0.00000001265384397264;-0.00000007432888793346;0.00000029977760362954;0.00000012244073843704
41400;0.00000002009411370629;-0.00000007915580502171;0.0000002843403485997;0.00000013777582807961
41500;0.00000002619640548929;-0.00000007126505296995;0.00000028868305079754;0.00000014554254335053
41600;0.00000004851814194851;-0.0000000595341425047;0.00000026241541561944;0.00000013005285381951
41700;0.0000000623698905855;-0.00000004687382260116;0.00000024257080255552;0.00000012408568750288
41800;0.00000006897594251321;-0.00000003534558645768;0.00000023900919998709;0.00000011937986243993
41900;0.00000006943120944847;-0.00000004868543035386;0.0000002520045221388;0.00000009424350366771
42000;0.00000005805222769162;-0.00000004641977557895;0.00000029040386451129;0.00000011007342948233
42100;0.000000053136500755;-0.00000003888350841308;0.00000029687218372487;0.00000011597377636008
42200;0.00000005064201613614;-0.00000003832043882213;0.00000031928012944604;0.00000012614465561001
42300;0.00000004300903477805;-0.00000004307321788133;0.00000031417800983036;0.00000014612180621043
42400;0.00000004182199275782;-0.00000007214399122546;0.00000031946076717304;0.00000016034026373291
42500;0.0000000293640218807;-0.00000006841646627009;0.00000028854931599653;0.000000174799282604
42600;0.00000002124484277388;-0.00000007953368674762;0.00000028828367604206;0.0000001757968561833
42700;-0.00000000473895722664;-0.00000011911320108027;0.00000028026157750105;0.00000016162881877335
42800;0.00000001162497298424;-0.00000011861609738872;0.00000026264508790064;0.00000016958874482498
42900;0.00000003479934651551;-0.00000012249576109014;0.0000002747013922999;0.0000001628039001389
43000;0.00000004391817287619;-0.00000012696553275404;0.00000027053022577661;0.00000016339495800821
43100;0.00000004490178540095;-0.0000001191112817267;0.00000028129781526331;0.00000015495614036354
43200;0.00000005814731762754;-0.00000011161829904793;0.00000027104282551704;0.00000015556177856979
43300;0.00000004582421309074;-0.00000011788595521978;0.00000027368038502118;0.00000017218839332145
43400;0.0000000540877975741;-0.00000012971947604967;0.00000027842395411426;0.00000015239572803694
43500;0.00000004054102942241;-0.00000014389264935133;0.00000029850074056981;0.00000015675257714065
43600;0.00000004348428261913;-0.00000015046923085293;0.00000028066143187289;0.00000015551427168248
43700;0.00000003895161748702;-0.0000001530840294528;0.00000025780036949641;0.00000015497325023262
43800;0.00000002797229714524;-0.00000015720897428295;0.00000026222413396226;0.00000014646231250026
43900;0.0000000201770467001;-0.00000016357553578317;0.00000025881123733029;0.00000017031376842169
44000;0.0000000430479651925;-0.0000001410568573057;0.00000027471557828562;0.00000015130240171857
44100;0.00000005269281455611;-0.00000014645718993123;0.00000025856105523303;0.00000013010394184221
44200;0.00000007101507182306;-0.00000016950024761542;0.00000024860632663604;0.00000010974916619944
44300;0.0000000659144965276;-0.00000015608929482269;0.00000024051282920823;0.00000013468928727889
44400;0.00000007212202146611;-0.00000016681400794027;0.00000024391095365672;0.00000010846628129002
44500;0.00000008238242354963;-0.00000015497684646704;0.00000024777935436759;0.00000008855663224949
44600;0.00000008837849407861;-0.00000015146716592085;0.00000024370552154096;0.0000001001977523174
44700;0.0000001047163444845;-0.00000015347027737533;0.00000020459774319193;0.00000011167976765591
44800;0.00000009575446013876;-0.00000016868168861706;0.00000017860640255662;0.00000011647087205802
44900;0.00000010231181968301;-0.00000017515167138882;0.00000018612833940779;0.00000011325037974075
45000;0.00000010704841302278;-0.00000018125089784604;0.00000015417364807035;0.00000009727563110573
45100;0.00000010124372207265;-0.00000020109912135524;0.00000015902467964679;0.00000008102517767838
45200;0.00000009245915344458;-0.0000002015828606261;0.00000014085439303813;0.00000007462581663731
45300;0.00000010745629297482;-0.0000001670115477026;0.00000014302701956126;0.00000006535132968111
45400;0.00000010739066946819;-0.00000016696684346229;0.00000012705972451954;0.00000006012015774104
45500;0.00000010268117622836;-0.00000018721078731687;0.00000011152068069009;0.00000006523848128381
45600;0.00000011104927710726;-0.0000001643312659283;0.00000011228841501065;0.00000005807524416923
45700;0.00000012287724238114;-0.00000017217542991332;0.00000012439553742638;0.00000006215449843694
45800;0.00000014303170892127;-0.00000015015400611773;0.00000012129894955137;0.00000006749112912985
45900;0.0000001451409890052;-0.00000014347034316131;0.00000010796596683349;0.00000006800914320593
46000;0.00000016164120619777;-0.00000014458583530441;0.00000012097296320235;0.00000007748586483558
46100;0.00000016487290843692;-0.00000014946406334815;0.00000013025798040189;0.00000006716031464293
46200;0.00000015347030624113;-0.00000014182039409505;0.00000014038054274579;0.00000006069799951547
46300;0.00000014325627573086;-0.00000013151095235031;0.00000015208467019079;0.00000006146322562017
46400;0.0000001163195284537;-0.00000014803299785981;0.0000001226291601597;0.00000006711955791161
46500;0.00000009708659409746;-0.00000015693696031605;0.00000011370318375725;0.00000007152608816341
46600;0.0000001085459699901;-0.00000016020708137887;0.00000013211221983056;0.00000007220776865324
46700;0.00000008641029647372;-0.00000019208892387823;0.00000012280490579997;0.00000003992458630364
46800;0.00000009260393984967;-0.00000018376364874229;0.00000012788922276741;0.00000003464268161224
46900;0.0000000985443064927;-0.00000016721176931966;0.00000012553589101572;0.00000004156302679803
47000;0.00000007925347000892;-0.00000018402838275478;0.00000011709071401356;0.0000000316644417353
47100;0.0000000706987193233;-0.00000017963134713028;0.00000013766553053074;0.00000002666278930974
47200;0.00000009182975269084;-0.00000017254224138341;0.00000012923601744319;0.00000000882863560037
47300;0.00000005908096722962;-0.00000018223709563614;0.00000012031316387606;0.00000002536519616569
47400;0.00000005688589954644;-0.00000017984002598226;0.00000012962668805017;0.00000000767708741023
47500;0.00000005718905815577;-0.00000017958234144189;0.00000013834175405236;0.00000000832777402593
47600;0.00000006119906026392;-0.00000017688832976148;0.00000014793086577924;0.0000000193075493371
47700;0.00000006707665201056;-0.00000017215464875875;0.00000012641866575791;0.00000001517786074601
47800;0.00000005715038930987;-0.00000018742480545342;0.00000011136385325017;0.00000001013451367271
47900;0.00000006840183153223;-0.00000016114102763254;0.00000010112369963622;0.0000000144430742921
48000;0.000000050405130958;-0.00000016031839633612;0.00000010707878672633;0.00000000506879871409
48100;0.00000003874253384772;-0.00000016130473845521;0.00000009111795762351;-0.00000000227674945563
48200;0.00000003218511746006;-0.00000018140927782184;0.00000008028838394125;0.00000000629157170806
48300;0.00000002714816194072;-0.00000018573497095886;0.00000009035811032732;0.00000001444288955099
48400;0.00000002838029922181;-0.00000019294207431741;0.00000008803279172298;0.00000002790650910356
48500;0.00000003162659778511;-0.00000018739865703665;0.00000007041024474574;0.00000002052145475773
48600;0.000000045495335943;-0.0000001667908930969;0.00000008259286587986;0.00000001611005018276
48700;0.00000004434813649645;-0.00000018112681399174;0.00000007945239133278;0.00000001061688692516
48800;0.00000004641580253484;-0.00000016946295078313;0.00000008920240190946;0.00000001723863363168
48900;0.00000008030972176165;-0.00000015553880272634;0.00000010010839801566;0.0000000224366800694
49000;0.00000009784051102635;-0.00000016512446165962;0.00000007683679825732;0.00000001956580319984
49100;0.00000013406748800016;-0.0000001704643324274;0.0000000600230620762;0.00000001578099784183
49200;0.00000013916308150286;-0.00000014020701977202;0.00000005166937100398;0.00000002200599169555
49300;0.00000012525351777981;-0.00000014230215361621;0.00000004532072139796;0.0000000181535426691
49400;0.00000012451670960978;-0.0000001460446301671;0.00000003323259889498;0.00000002322758518858
49500;0.00000010913705938975;-0.00000016202940233967;0.00000003536816706173;0.00000002661693088157
49600;0.00000010278734863256;-0.00000016051710538534;0.00000004265904252065;0.00000003272248250141
49700;0.00000010109787518253;-0.00000015955570686899;0.00000003157249039987;0.00000000568628877318
49800;0.00000009682293145019;-0.00000013614913907389;0.00000002610202542996;0.00000000668123334435
49900;0.00000010246774362344;-0.00000015889838245187;0.00000001512757918931;-0.00000000071614181252
50000;0.00000010540094175226;-0.00000015494722394038;0.00000000638356212335;0.00000001106252511818
50100;0.00000010600177002829;-0.00000016580489958784;0.00000000916344333746;0.00000001777961244898
50200;0.00000008201568491017;-0.00000015368171490948;0.0000000015533565545;0.00000001470840516049
50300;0.00000007089281606198;-0.00000013511266017119;0.00000000747825623648;0.00000001272002236874
50400;0.00000008003061990891;-0.00000014101107081999;0.00000001023682116852;0.00000002254265041302
50500;0.00000009393970490379;-0.00000013611630622634;0.00000001976318486641;0.0000000210884252283
50600;0.00000008854096122946;-0.0000001260889459509;0.00000000854727133515;0.00000002067795890071
50700;0.00000009961390956548;-0.00000011457151671834;0.0000000092356309267;0.000000010760004443
50800;0.00000010747967360558;-0.00000010175713072158;0.00000002234179063976;0.00000000815887801764
50900;0.00000010746066170242;-0.00000010915723214211;0.00000003860846931047;0.00000002392468445578
51000;0.00000008595874745332;-0.00000012279933248038;0.00000002965934342569;0.00000002921377983967
51100;0.00000010751963253064;-0.0000001447083350925;0.00000002735209747584;0.00000000496939378536
51200;0.00000012237201185705;-0.00000013549697230886;0.0000000168507412468;-0.00000000620541129592
51300;0.00000012487831368979;-0.00000014276556425941;0.00000001275441618986;-0.00000001082294431853
51400;0.00000012432768725645;-0.00000015452000834415;0.00000000451143478131;-0.00000002100384222103
51500;0.00000014461848696357;-0.00000013388145303495;0.00000000444218883899;-0.00000001690662543297
51600;0.00000014762980127259;-0.00000013275687438252;0.00000000922630505329;-0.00000001259903115169
51700;0.00000012573497043533;-0.00000012655459213917;0.00000002372902940806;-0.00000001736503918437
51800;0.00000011909638608643;-0.00000011458792936736;0.00000002274261134971;0.00000000750648609937
51900;0.00000012379584468647;-0.00000010826003427056;0.00000002601784387934;0.00000000305769276565
52000;0.00000013326884529263;-0.00000010835151176281;0.00000002348209093839;0.00000000207150208098
52100;0.00000013400174969647;-0.00000009938134448717;0.00000002738230264754;-0.00000001428246321211
52200;0.00000013305579815714;-0.0000000875079786411;0.0000000282092287307;0.00000000935401089919
52300;0.00000011232638885694;-0.00000010821294971208;0.00000002239653085212;0.00000000096393648619
52400;0.0000001210652884609;-0.00000010679814099745;0.00000002024149736712;0.00000000871716565598
52500;0.00000013525412523308;-0.00000013422847144895;-0.00000001073274447094;0.00000001678603211985
52600;0.00000013803384080191;-0.0000000955355345944;-0.00000002256585318605;-0.00000001827920925734
52700;0.00000012623482503749;-0.00000011345287864728;-0.00000005832127669692;-0.0000000029585436323
52800;0.00000008440444010382;-0.00000009381448018431;-0.0000000715971459897;0.00000003259712855197
52900;0.00000008789860928005;-0.00000008687442054622;-0.00000005997592822382;0.0000000431596731687
53000;0.00000011684408218748;-0.00000006379215733432;-0.00000005023339255672;0.00000001841874563979
53100;0.00000013914451502117;-0.00000006619576486955;-0.00000004430118138998;-0.00000000637834318695
53200;0.00000015883850434939;-0.00000007843301652599;-0.00000005245883016869;-0.00000005588735518813
53300;0.0000001615000388977;-0.0000000902267669467;-0.00000005812480807776;-0.00000005236674383013
53400;0.00000017418753528453;-0.00000010272962702729;-0.00000005946822057012;-0.00000006175351074944
53500;0.00000016756276166596;-0.00000010506226066909;-0.00000003323702557623;-0.0000000445091217216
53600;0.00000018412349200858;-0.00000012320622788664;-0.00000000889240325819;-0.00000003026744366252
53700;0.0000002139801671408;-0.00000013270303256263;-0.0000000203510168717;-0.00000004255106489381
53800;0.00000021102848735133;-0.00000014596582031956;-0.00000000211503348169;-0.00000004367350925349
53900;0.00000024271210263827;-0.0000001352031224755;0.00000000582264547688;-0.00000002713136382226
54000;0.00000023176117758261;-0.00000013870684467676;-0.00000002140486898838;-0.00000003565413919659
54100;0.00000024299891032697;-0.00000015987388435335;-0.00000004462482294798;0.00000001260173121409
54200;0.00000024401942821939;-0.0000001470950530269;-0.00000002216131633759;0.00000001558007056701
54300;0.00000028101643101408;-0.00000014185195285066;-0.00000003149020599835;-0.0000000204137933224
54400;0.00000029153656955216;-0.00000016273317360316;-0.00000003944111526266;-0.00000003063756537358
54500;0.00000028875552726682;-0.00000017739067281752;-0.00000003409939353105;-0.00000002835658108324
54600;0.00000027648361555777;-0.00000020492835606234;0.0000000076662480808;-0.00000000660497789795
54700;0.00000028549510311393;-0.00000021000372685265;0.00000000317284332141;-0.00000000165408664543
54800;0.00000029090278630406;-0.00000020906938935639;0.00000002310522262405;0.00000003333434506203
54900;0.00000029118926936356;-0.00000020329195216107;-0.00000000148902046249;0.0000000108011448674
55000;0.00000030848363041791;-0.00000019853343635745;-0.00000002554857303494;-0.00000003076729626628
55100;0.00000030310033327652;-0.00000022533949861625;-0.00000004952461196694;-0.00000002088049200211
55200;0.00000034388380432127;-0.00000022731234539108;-0.00000006936452123796;-0.00000004173470813384
55300;0.00000034405344706556;-0.00000026594480173614;-0.00000006330486357342;-0.00000004115915430702
55400;0.00000036008411985478;-0.00000023343899657746;-0.00000006660219753485;-0.00000003246634605603
55500;0.00000038261703516618;-0.00000024677791410355;-0.00000012204508337277;-0.00000003594675490604
55600;0.00000034958725447787;-0.0000002426604432948;-0.00000015174312650856;-0.00000004488059346386
55700;0.00000037716674938792;-0.00000024957829847239;-0.000000177095607512;0.00000002622169859023
55800;0.00000038478455377522;-0.00000024644048224332;-0.00000017566383903045;-0.00000000078746609233
55900;0.00000040059913009038;-0.00000024680120436216;-0.00000017679735719867;0.00000000735148830699
56000;0.00000038020117121285;-0.00000027285908243968;-0.00000017790765483028;-0.00000000298449265301
56100;0.00000038722881456899;-0.00000025651400870075;-0.0000001870707251328;0.00000002175893598633
56200;0.00000040748700791404;-0.0000002450834326595;-0.00000018533472712079;0.00000001881682010207
56300;0.00000042170456060475;-0.00000026007582665244;-0.00000019014743557477;0.00000001425851792192
56400;0.00000043042956665573;-0.00000027839037608501;-0.00000018995119788201;-0.00000000740654115816
56500;0.00000044019474021439;-0.0000002729729917661;-0.00000020887615548304;0.00000002204062354849
56600;0.00000041516803817032;-0.00000024590848290984;-0.00000020667942024488;0.00000003567248541003
56700;0.0000004227649950117;-0.00000022389654574795;-0.00000020428877434142;0.00000002485542438535
56800;0.00000040498248243814;-0.00000020447715387562;-0.00000020349205698267;-0.00000000352939366621
56900;0.00000043127790916309;-0.00000018819006797344;-0.00000019448160060165;0.00000000208298445159
57000;0.00000043003807204123;-0.00000018039587468266;-0.00000020074703144246;0.00000003772473178287
57100;0.00000041812209650161;-0.00000020169637826584;-0.00000023518017755464;0.000000062159188019
57200;0.00000040947620205678;-0.00000022829373191868;-0.00000027172728067626;0.00000005744155373577
57300;0.00000041561851715777;-0.00000022081151884734;-0.0000002269477725747;0.00000004568246936287
57400;0.00000041393276140056;-0.00000016673989700067;-0.0000002228388069625;0.00000004860696378728
57500;0.00000043874249922027;-0.00000018707576954213;-0.00000023642471091989;0.00000004571599276915
57600;0.0000004349827853467;-0.0000001668942051225;-0.0000002684163540323;0.00000002111040942054
57700;0.00000045203915477465;-0.00000016542335679048;-0.0000002771203320151;0.00000004769623274115
57800;0.00000046160511790738;-0.00000017531321327979;-0.00000030399271722104;0.00000002343035987451
57900;0.00000043387778880799;-0.00000014399719283631;-0.00000030377626814015;0.00000000663717969474
58000;0.00000045000036208442;-0.00000013425280398494;-0.0000002832705199296;0.00000003911097223863
58100;0.00000050003241303109;-0.00000014451682517347;-0.0000002602313315947;0.00000004184191482182
58200;0.00000048777827132973;-0.00000012501499258022;-0.00000023532123449854;0.00000002320348357898
58300;0.00000047094033428507;-0.00000013210142757458;-0.000000213991746989;0.00000002800557297178
58400;0.0000004863334326366;-0.00000014417031746206;-0.00000020990187721281;0.0000000353589371116
58500;0.00000047791804913544;-0.00000014517424684612;-0.00000018548632496618;0.00000003447807728207
58600;0.00000049019684889018;-0.00000013762061179534;-0.0000001832735598839;0.00000002044288294201
58700;0.00000046923171881375;-0.00000012304941554575;-0.00000019698053321804;0.0000000172665863829
58800;0.0000004975057532608;-0.00000011762762097689;-0.00000019891749047929;0.00000001783537584288
58900;0.00000053148715362106;-0.00000012545692484878;-0.00000018776395194209;0.0000000154741002234
59000;0.00000051923880728388;-0.00000012178038311106;-0.00000021657282189835;0.00000000878665673554
59100;0.00000053518891696136;-0.00000009602413975074;-0.00000022071017369285;0.00000003731290121323
59200;0.000000532659957031;-0.00000010187361265679;-0.00000021492970603276;0.0000000519905256624
59300;0.00000052340214273805;-0.00000005216735488034;-0.00000020640492692792;0.00000003871201670336
59400;0.00000050771912563086;-0.0000000287403629784;-0.00000022824269052535;0.00000001356222867344
59500;0.0000004951221361793;-0.00000002982210789426;-0.00000027140871949882;0.00000000714251768841
59600;0.00000049275018199069;-0.00000003363296974257;-0.00000028212949487738;0.00000001625163292829
59700;0.00000048529387730589;-0.00000004490738803042;-0.00000029507229015735;0.00000000632900309938
59800;0.00000049848731364932;-0.00000002787813624394;-0.00000029787415201099;0.00000003454138663983
59900;0.00000052388520299651;-0.00000003820427307843;-0.00000029855015881708;-0.00000000408677180985
60000;0.00000049445019856265;-0.00000005938205349665;-0.00000030082133761766;-0.00000000000477484718
60100;0.00000047378047773883;-0.00000008090892356094;-0.00000027995889695376;0.00000002120438580278
60200;0.00000046166479084064;-0.00000005344797981977;-0.00000028073629465553;0.00000000942566202866
60300;0.00000047662561364348;-0.00000002867051485111;-0.00000029996525441334;0.00000000696306301506
60400;0.00000050335800882984;0.00000001084152856379;-0.00000027833054616622;0.00000000353080054083
60500;0.00000047441814876592;0.00000000965908064643;-0.00000028865148848922;0.00000000744564943034
60600;0.00000049765740084418;0.00000004017806620737;-0.00000030842961251665;-0.00000000116095577596
60700;0.00000048196554591762;0.00000001943489058576;-0.00000033056615578175;0.000000015793403918
60800;0.00000049290093451226;0.00000000053541926448;-0.00000033793424591977;0.00000001280606909404
60900;0.00000050438636001182;0.0000000103655688477;-0.00000032299226759847;0.000000009429541592
61000;0.00000054075029742862;0.00000001451422004806;-0.00000032826858742396;0.00000001133682303589
61100;0.00000054042211039551;0.00000002663610532139;-0.00000030347267809816;-0.00000001213425093738
61200;0.00000054527388204662;0.00000003492882338918;-0.00000031039531123156;-0.00000000227235830152
61300;0.00000051458498195878;0.00000005814145431771;-0.00000030327207412029;-0.00000000268116195912
61400;0.00000050560849440551;0.00000007141596158888;-0.00000029755634400885;-0.00000000229685781505
61500;0.00000050686961472479;0.00000008918643423783;-0.00000029009744295649;-0.00000002755035666269
61600;0.00000049496623133471;0.0000000952860870207;-0.00000029786913557928;-0.00000005463611785217
61700;0.00000050786491767596;0.00000010544884032626;-0.00000029726269445973;-0.0000000856600621546
61800;0.00000052114095061562;0.00000010220704949049;-0.00000033139927424486;-0.00000008022612973946
61900;0.00000051870381656549;0.00000010116047199915;-0.00000029753854491332;-0.00000005601539498912
62000;0.00000052125051164253;0.00000008060110312513;-0.00000031109436093857;-0.00000005130166869094
62100;0.00000055410816868218;0.00000009747134432914;-0.0000003282530656179;-0.00000004842156897666
62200;0.00000052873307931911;0.00000009662142952394;-0.00000034135974047445;-0.00000006337111813082
62300;0.00000055305670021433;0.00000010004389272567;-0.00000034033738316452;-0.00000008008373697521
62400;0.00000055412262556231;0.00000010326636701308;-0.00000030203408130092;-0.00000006627811899307
62500;0.00000055218263717016;0.0000000787666545321;-0.00000030292720509806;-0.00000005839250150075
62600;0.00000057242587803152;0.00000009929865196767;-0.00000032063051946807;-0.0000000399660535777
62700;0.00000057915980833378;0.00000010664261917981;-0.00000030228657621478;-0.00000007205539986899
62800;0.00000059512970462805;0.00000013706533996682;-0.00000029507803844808;-0.00000006376971839472
62900;0.00000058988749884747;0.00000014475840703909;-0.0000003131651737931;0.00000000811196798622
63000;0.00000058680353998142;0.00000016573970285094;-0.00000030354080493566;0.00000001899401524952
63100;0.00000058646773992699;0.00000016713848571825;-0.00000028441240473853;0.00000002057367964881
63200;0.00000058873412545069;0.00000016243902045687;-0.00000029451786076606;0.00000001020839590637
63300;0.00000058849465078836;0.00000016489531518005;-0.00000030394506822518;-0.00000000521052356817
63400;0.0000005857598179837;0.00000016767503563386;-0.00000028331795220993;-0.00000003961845607137
63500;0.00000057234347172752;0.0000001457114278125;-0.00000029570705351034;-0.00000003562925598999
63600;0.00000057483231175048;0.00000015631549032946;-0.00000028795894380096;-0.00000004907775519314
63700;0.00000057849727275183;0.00000016336619657054;-0.00000027850474637603;-0.0000000596562017563
63800;0.00000059655312356632;0.0000001419182713569;-0.00000027653380740844;-0.00000004773383466272
63900;0.00000059271823893425;0.00000017985837352796;-0.00000024531108877568;-0.00000004132098752052
64000;0.00000061810697715714;0.00000018681875113558;-0.00000022276766031837;-0.00000005867727281839
64100;0.0000006228362472438;0.00000018754564212742;-0.00000023409196359125;-0.00000004216065008222
64200;0.00000060309547045279;0.00000016130203350784;-0.00000025274431081357;-0.00000001171673602585
64300;0.0000005556554512065;0.00000014553406169071;-0.00000025976112993931;-0.00000002534898158046
64400;0.00000054900515777945;0.00000015496620342503;-0.00000022800326249239;-0.00000003019481198407
64500;0.00000056280848959034;0.00000017074309521803;-0.00000024538990928136;-0.00000002266719434374
64600;0.00000053786056075644;0.00000014668058323508;-0.00000025828219207824;-0.00000003136466375508
64700;0.00000054092413992457;0.00000012985767261497;-0.00000028447562527845;-0.0000000569565514752
64800;0.00000052076484369223;0.00000013602144610658;-0.00000029939344159402;-0.00000005077329490177
64900;0.00000052018082619121;0.00000014188169350504;-0.00000030463830924532;-0.00000006878883596073
65000;0.0000005133594764839;0.00000014413085702714;-0.0000003259531311528;-0.00000006761430881852
65100;0.00000050458500910899;0.00000010431410046863;-0.00000032806571326205;-0.00000008766521375492
65200;0.00000048959728182751;0.00000010260330096656;-0.00000033004102917289;-0.00000007493866860386
65300;0.00000051022489144792;0.00000008682841778906;-0.00000034464563114511;-0.00000005130098656991
65400;0.00000053869865812572;0.00000008462084899463;-0.00000034143036131695;-0.00000003872887077705
65500;0.00000054840727181649;0.0000000879055912506;-0.00000033038470448332;-0.00000004469890768632
65600;0.00000055032060908289;0.00000007195406315219;-0.00000035307129309103;-0.00000005080835308036
65700;0.00000055868325588015;0.00000004910681061787;-0.00000037899496163618;-0.00000007626327658272
65800;0.00000056555089256172;0.00000005328505370272;-0.00000037372620198539;-0.00000005000947567169
65900;0.00000055207722882145;0.00000002995156433983;-0.00000039547414942831;-0.00000006924125273144
66000;0.0000005429349068109;0.00000000075934680765;-0.00000039593972189778;-0.00000005105994205223
66100;0.00000055590229930402;0.000000005656469515;-0.00000039259964879079;-0.00000003963208428104
66200;0.00000057532493347168;0.00000001975974539548;-0.00000037579239986485;-0.0000000362219765293
66300;0.00000058176476036564;0.00000003597704179015;-0.00000036835782424305;-0.00000004482643589654
66400;0.00000055985243352374;0.00000007498204013245;-0.0000003622413871085;-0.00000004085974580903
66500;0.0000005995513971957;0.0000000642813655638;-0.00000034285524819211;-0.00000002913638752489
66600;0.00000057533079078631;0.00000005149750981204;-0.00000035364102402013;-0.00000005110051404245
66700;0.00000059864325097081;0.00000007992869210938;-0.0000003482869850302;-0.00000002761944983831
66800;0.00000058518330425805;0.00000007709699456626;-0.00000034288205341682;-0.00000004493672633998
66900;0.00000057060048663793;0.00000008361230552367;-0.00000033185504833;-0.00000004386787111343
67000;0.00000058246445999721;0.00000010708664399672;-0.00000029195740935961;-0.00000005507176581432
67100;0.00000060200130058696;0.00000011268540900389;-0.00000029137989088213;-0.00000005728735175126
67200;0.0000006269788812574;0.00000012500540647054;-0.00000029544015234251;-0.00000004594228641963
67300;0.00000062382570575892;0.0000001614350746415;-0.00000029568993298312;-0.00000008753679026086
67400;0.00000061291702913024;0.00000016962753335292;-0.00000030537099959815;-0.00000009195636607728
67500;0.00000062302636893996;0.00000015958255961124;-0.00000030486266666685;-0.00000010978632758452
67600;0.00000064368551400129;0.00000015455366231265;-0.00000029828181169478;-0.00000010510935055663
67700;0.00000063968211461152;0.00000015933737129714;-0.00000029592268191436;-0.00000010103849490406
67800;0.00000064318827597276;0.0000001710460484361;-0.00000031267976652316;-0.00000011146049416766
67900;0.00000064854571579787;0.0000001639017730426;-0.00000030375307602526;-0.00000012904266100122
68000;0.00000067696218297719;0.00000017838628219025;-0.00000029793051936622;-0.00000013637675522205
68100;0.00000067150368332491;0.00000018962739467554;-0.00000031566646541137;-0.00000012750886924096
68200;0.00000067773647383085;0.00000019294624564736;-0.00000030762112857019;-0.00000013917350827342
68300;0.0000007184895853829;0.00000021473843947462;-0.00000031622484186755;-0.0000001553550674771
68400;0.00000070749066383158;0.00000022092723517275;-0.00000031649921083954;-0.00000017018474807173
68500;0.00000072458764854844;0.0000002190483132658;-0.00000035314304369649;-0.00000015374860140582
68600;0.00000070688120978879;0.0000002014876070433;-0.00000035588945124232;-0.00000015455694324373
68700;0.00000070427984089072;0.00000020297209069042;-0.00000036978212136773;-0.00000017682400255126
68800;0.00000071491227182641;0.00000020692214208751;-0.00000040215948615696;-0.00000017151874942556
68900;0.00000072006841933536;0.00000021653565607238;-0.00000040314857940871;-0.00000021852387988019
69000;0.00000071846999105674;0.00000022102923935563;-0.00000040583949001416;-0.00000023231847023908
69100;0.00000068364748329053;0.00000023004262983406;-0.00000042081001438987;-0.00000023962006423517
69200;0.00000068957234700129;0.00000024688023714248;-0.00000038923639422705;-0.00000025378272994203
69300;0.00000071228527986911;0.00000025962514271782;-0.00000036885257159724;-0.0000002693952296795
69400;0.00000071184934724577;0.00000027178862671562;-0.00000035392325514749;-0.00000027811674385703
69500;0.0000007155511076995;0.00000027855397410903;-0.00000034653256264505;-0.00000027416875525432
69600;0.00000072634987402509;0.00000028484385117267;-0.0000003339978249528;-0.00000025119848601207
69700;0.00000069966262761234;0.00000026040606826427;-0.00000032550802941955;-0.00000024341055393506
69800;0.0000007080047579322;0.00000025503082889955;-0.00000033267225418854;-0.0000002346770031636
69900;0.00000068340426828684;0.0000002486271042379;-0.0000002949373758554;-0.00000022355651196904
70000;0.00000067100397793673;0.00000024872419635003;-0.00000029969427828291;-0.00000023076042054981
70100;0.00000066501470930014;0.00000022520543918603;-0.0000003166608273375;-0.00000022403588673114
70200;0.00000062422356239544;0.0000002395558209578;-0.00000031894565921675;-0.00000022318640446883
70300;0.00000062335335671015;0.00000026136432840218;-0.0000003023198260621;-0.00000021574457775841
70400;0.00000062744873630116;0.00000026718294821038;-0.00000030065336176222;-0.00000022815024181
70500;0.00000062575934656195;0.00000025763475264284;-0.00000030904275405419;-0.00000024542441678932
70600;0.00000061195073186582;0.00000024086274752477;-0.00000031189858518132;-0.00000025141532944417
70700;0.0000006055566632579;0.00000026603816527526;-0.00000028661018447451;-0.00000023559319117794
70800;0.00000061781012172801;0.00000028548192965161;-0.00000029747032925798;-0.00000024488791439126
70900;0.00000060873888574342;0.00000029686271973972;-0.0000003094411482607;-0.00000023435109142156
71000;0.00000062751175722298;0.0000002827705212205;-0.00000032474003575089;-0.00000021787606385715
71100;0.0000006116166682002;0.00000026813926856661;-0.00000033562722734359;-0.000000222148486273
71200;0.00000060509971144818;0.00000024820371713474;-0.00000033218374539956;-0.00000021265019256589
71300;0.00000060286277969723;0.00000023307321894706;-0.00000031591536497899;-0.00000023227704559758
71400;0.00000057471595460434;0.00000022050826853359;-0.00000028156558329329;-0.00000021816708795086
71500;0.00000059125587981157;0.00000023274453342381;-0.00000027940234303969;-0.00000019971828635335
71600;0.00000060487569597534;0.00000023705699891963;-0.00000028578634569953;-0.00000019883816548827
71700;0.00000057395360086865;0.00000025205594589295;-0.00000028422872944134;-0.00000016643193134769
71800;0.00000056082025712278;0.00000023690492323425;-0.00000027221602749705;-0.00000016710467320991
71900;0.00000055268453125201;0.00000022517983788717;-0.00000029815135249578;-0.0000001530793127813
72000;0.00000054148011896515;0.00000021664714999758;-0.00000030329330868994;-0.00000016908938960114
72100;0.00000055538371968034;0.00000021903388613964;-0.00000028168432208986;-0.00000017206761526722
72200;0.00000056040805596069;0.00000021747055312105;-0.00000029092478825987;-0.00000016444367645363
72300;0.00000056920526891879;0.00000021864113275427;-0.00000032212422240718;-0.00000018809174662238
72400;0.00000054175326247297;0.00000021082461909572;-0.00000030297282194169;-0.00000018783329380767
72500;0.00000052883926704439;0.00000021347967793517;-0.00000028909271421185;-0.00000017638102178807
72600;0.00000056475384591081;0.00000025179856866231;-0.00000029320890604367;-0.00000016000353753043
72700;0.000000579653873789;0.00000026074922176988;-0.00000028380335237443;-0.00000015280933496342
72800;0.00000060114308420012;0.0000002763325723798;-0.00000029387370048539;-0.00000017566661369983
72900;0.00000060894125586408;0.00000024573844381592;-0.00000028393957407502;-0.00000021116225923379
73000;0.00000057421428301119;0.00000024134464071679;-0.00000028163753640342;-0.00000020357225594125
73100;0.0000005656558332845;0.00000028282315733819;-0.00000026913091488723;-0.00000020729169136757
73200;0.00000055592525582959;0.00000029569210591163;-0.00000028044101085811;-0.00000021042062314791
73300;0.0000005632109461029;0.00000030647046767029;-0.00000025034880124508;-0.00000024202365977999
73400;0.00000053895272622562;0.00000027672804936429;-0.00000023386825986904;-0.00000024593016689778
73500;0.00000054981226793593;0.00000029023599923406;-0.00000022671374111383;-0.00000020267283673547
73600;0.00000053649009834622;0.00000024548041954731;-0.00000022597004445402;-0.0000001749831426423
73700;0.00000051922696187034;0.00000025717579354989;-0.00000022492102402794;-0.0000001990707829691
73800;0.00000049064864859893;0.00000024831708378414;-0.00000023914497049304;-0.00000020623220109428
73900;0.00000048900260218865;0.00000024451036262363;-0.00000027668405877534;-0.00000020855688376287
74000;0.00000048462682555872;0.00000022847539726811;-0.00000025754462384953;-0.00000019516703275713
74100;0.00000049597692908243;0.00000024641105467182;-0.00000023973069218641;-0.00000017245278627342
74200;0.0000004796574528676;0.00000023015110484081;-0.00000022674875665984;-0.0000001258009092453
74300;0.00000053555762424828;0.00000029188158379156;-0.00000024247739816019;-0.00000011188643611604
74400;0.00000056455176111747;0.00000031398938071803;-0.00000024362967110392;-0.00000014216057309113
74500;0.00000050977902676941;0.00000028816925068398;-0.00000024112407359667;-0.00000018301518878161
74600;0.00000054617560452108;0.00000029859050254544;-0.00000022727542514644;-0.00000012992252607091
74700;0.00000053559045487539;0.00000032379461156751;-0.00000016200105079633;-0.00000011890395512637
74800;0.0000005163041936207;0.00000030489491775754;-0.0000001608158441968;-0.00000011301317215384
74900;0.00000050643466531497;0.00000037448761158743;-0.00000012460424159144;-0.00000010918114412561
75000;0.00000048726831036738;0.00000041888891066932;-0.0000001215877176719;-0.00000008997550082768
75100;0.00000052548434825717;0.00000040411788093664;-0.00000009429522762616;-0.00000010152135132557
75200;0.00000049810455671206;0.00000043284369555252;-0.00000012854233233384;-0.00000008306128052027
75300;0.00000048298190979956;0.0000004331912419886;-0.00000012879831601253;-0.00000004052374436014
75400;0.0000004642459314752;0.00000040172773374536;-0.00000012882184208252;-0.00000004853345103584
75500;0.00000042278699274867;0.00000037273272823768;-0.00000011686892520402;-0.00000006886266135098
75600;0.0000003975374507359;0.00000035161924305527;-0.00000010582571619011;-0.00000010281573281645
75700;0.00000037784661377493;0.00000036226099542347;-0.00000009670675282791;-0.00000007593061468469
75800;0.00000039182056443821;0.00000035989021140992;-0.00000009858187155487;-0.00000000308382652747
75900;0.00000038389210765821;0.00000031550240331413;-0.00000009748334051096;-0.00000001873564769994
76000;0.00000040088475694589;0.00000036283696536188;-0.00000007395623313755;0.00000000673743727475
76100;0.00000035816314380988;0.00000037302980837595;-0.00000009040385862136;-0.00000001969036134142
76200;0.00000035182731528138;0.00000037250090834107;-0.00000008710134480339;-0.0000000560515189818
76300;0.00000041434692721332;0.00000037630252425203;-0.00000009020249436276;-0.00000008644143179026
76400;0.00000037689465748336;0.00000038141722713547;-0.00000007469717644426;-0.00000013054740577445
76500;0.00000041988948762395;0.00000043334356147895;-0.00000005754023391091;-0.00000009224446273493
76600;0.00000041985541954226;0.00000041467462308376;0.00000000145034917409;-0.00000006060967905341
76700;0.00000046622449167977;0.00000044199608995044;-0.00000003274074344972;-0.00000008586326316617
76800;0.00000046354799199122;0.00000042524238530461;-0.00000003780984769719;-0.00000008160692743786
76900;0.00000045839315698792;0.00000042397373434255;0.00000000016132162273;-0.0000000579348551355
77000;0.00000052253760363108;0.00000047360280897024;-0.00000002199521986768;-0.00000007297765591829
77100;0.00000055542935362141;0.00000051708580617316;-0.00000006917034411913;-0.00000004886938143045
77200;0.00000053765886565138;0.00000048343419001284;-0.0000000930676264943;-0.00000005955995163731
77300;0.00000052678928175176;0.00000044316865022154;-0.00000011874620398089;0.00000000008810729923
77400;0.00000054620908329639;0.00000042018630441731;-0.00000012086080403151;-0.0000000181815664746
77500;0.00000055854880698369;0.00000042647549580721;-0.00000013532909193259;-0.00000001974061092369
77600;0.00000056061550446351;0.00000043877739930309;-0.0000001495954258246;-0.00000000906078412299
77700;0.00000053617723705379;0.00000042903639618785;-0.00000013752827854319;-0.00000002414115840566
77800;0.00000054396968107717;0.00000041975477538259;-0.00000014421658178776;-0.00000003328939612857
77900;0.00000053428832891278;0.00000046704899592243;-0.00000011506033814612;-0.00000003391409109099
78000;0.00000051593883743095;0.00000043792529691444;-0.00000015683727383475;-0.00000006585791822999
78100;0.0000004914725679761;0.00000041886077228881;-0.00000013120648034715;-0.00000010475415024302
78200;0.00000050752331781645;0.00000044764711404355;-0.00000009339712292444;-0.00000009001556122712
78300;0.00000046589352331594;0.00000039646836302865;-0.00000009090252106603;-0.00000007169224147674
78400;0.00000042250821308265;0.00000039346372249227;-0.00000011978199765394;-0.00000010058465704788
78500;0.00000039091554859816;0.00000038491523257633;-0.00000008901258397032;-0.00000015051580248837
78600;0.00000040581838423037;0.00000038169746252592;-0.00000010492035684706;-0.00000013502406659427
78700;0.00000039962750619793;0.00000040783946930745;-0.00000012061711984757;-0.00000009224764596638
78800;0.00000040702781234359;0.00000044007421173831;-0.00000018642670340796;-0.00000008788143190941
78900;0.00000036962775218363;0.00000042547455469943;-0.00000017867648693937;-0.00000009857743066277
79000;0.00000033442128466454;0.00000043560801055165;-0.00000020670504596865;-0.00000011375894359844
79100;0.00000034548891059138;0.00000044954219857729;-0.00000022703050817086;-0.00000015364864225376
79200;0.00000037216495818448;0.00000043153854356603;-0.00000025824681770814;-0.00000016443676997824
79300;0.00000035451003910225;0.00000040578379278955;-0.00000027851184114525;-0.00000014137543757897
79400;0.00000032769963786983;0.00000044135753007879;-0.000000286025308327;-0.00000009859125782441
79500;0.00000030609563173023;0.00000042034069425156;-0.00000029890987818249;-0.0000000896972380815
79600;0.0000002827145910711;0.00000038792755141515;-0.00000033280567279803;-0.00000009131250067185
79700;0.00000029074690233166;0.00000036654321489138;-0.0000003234381189543;-0.00000013067341342321
79800;0.00000029244000487871;0.00000040385662014586;-0.00000033879892313848;-0.00000015037441869481
79900;0.00000028118386841136;0.00000042593970084326;-0.00000031915200082722;-0.00000012221072154261
80000;0.00000027172783090279;0.00000040648331633975;-0.00000030981772880523;-0.00000011561832025109
80100;0.00000023823553041424;0.00000039407407204095;-0.00000034717907837489;-0.00000010282926155014
80200;0.000000216347942672;0.00000041265087613596;-0.00000031504130504345;-0.00000012151240014191
80300;0.00000020817044110721;0.00000042092163221596;-0.00000033887644690367;-0.00000010101730651968
80400;0.00000021402492378364;0.00000044045637670465;-0.00000030593862732076;-0.00000008229211800881
80500;0.00000025614102105997;0.00000047124790247821;-0.00000031925950239042;-0.00000012196480270177
80600;0.00000026850657763866;0.00000048169543376275;-0.00000033922091091654;-0.00000013631515116685
80700;0.0000003277532192314;0.00000049368424681617;-0.00000032149191042663;-0.00000015843744449739
80800;0.00000030163258735172;0.00000050475588864174;-0.00000032003933014835;-0.00000011224166485135
80900;0.00000028199540436091;0.00000050222675573863;-0.00000030879683876606;-0.0000001463001240154
81000;0.0000002610951470583;0.00000051502553599647;-0.00000030474700807304;-0.00000014324932351428
81100;0.00000026794633423144;0.00000049282710445908;-0.0000003120113518662;-0.00000018902552767486
81200;0.00000024165376255603;0.0000005190792102816;-0.00000029657745770351;-0.00000017591162304598
81300;0.00000025349145427178;0.0000004584145822939;-0.00000028286611453154;-0.00000013457194825151
81400;0.00000028832538001566;0.00000043720928477597;-0.0000002739829696452;-0.00000008642147975024
81500;0.00000028227268367154;0.00000045379540525303;-0.00000029720686001156;-0.00000008207234714064
81600;0.000000310164452344;0.00000041514119475394;-0.00000033019506062715;-0.00000009010383905661
81700;0.00000028592170031594;0.00000043356836121333;-0.00000030369027825827;-0.00000010356521329413
81800;0.00000025068321218846;0.00000049982849636976;-0.00000030780265802832;-0.00000007878416852236
81900;0.00000023481137101378;0.0000005146970822878;-0.00000035286916144628;-0.00000009755122221122
82000;0.00000019641774451351;0.0000004431721625231;-0.00000041258976679615;-0.00000011031437452402
82100;0.00000015713787449023;0.00000044754689643156;-0.00000038934352986075;-0.00000009284559610023
82200;0.00000013403403342771;0.00000041119444604831;-0.00000044033404833499;-0.00000005437139805053
82300;0.00000012066926458054;0.00000041766530411991;-0.0000004120839420807;-0.00000003581614294035
82400;0.00000015158075949984;0.00000038781347821981;-0.0000004174481276209;-0.00000005690051807505
82500;0.00000012358919954103;0.00000037343950864965;-0.00000039969976839416;-0.00000007177625604982
82600;0.00000013669411669248;0.00000038026505677635;-0.00000042806903977066;-0.00000009950662160918
82700;0.00000019539013385028;0.00000039441294275022;-0.00000037725122936649;-0.00000009058597072453
82800;0.00000020258885990998;0.00000039450770117355;-0.00000036083267929143;-0.00000009163042591354
82900;0.00000021113184200949;0.00000034631823675468;-0.00000036814454063006;-0.00000008577451637848
83000;0.00000025657651825384;0.00000040211560792258;-0.0000003581931729002;-0.00000011299837865408
83100;0.0000002247798245314;0.00000034445824725893;-0.00000040302147041871;-0.00000009930187161444
83200;0.00000025032437300787;0.00000034117807912182;-0.00000036381967305488;-0.00000010977916531374
83300;0.00000023334140708542;0.00000037700270016927;-0.0000003725050063963;-0.00000009094766539874
83400;0.00000025802887337889;0.00000037847177170036;-0.00000039798002404723;-0.000000113267276447
83500;0.0000002497445781291;0.00000039164419662896;-0.00000037216934245521;-0.00000014412350424209
83600;0.00000029975976745256;0.00000037693495968938;-0.00000037641378725084;-0.000000195287356064
83700;0.00000030888704949383;0.00000040922775479402;-0.000000385405840575;-0.00000020733298811138
83800;0.00000024465608139401;0.00000042617590834126;-0.00000040115198274293;-0.00000023368332335849
83900;0.00000027460461926587;0.00000045185334185405;-0.00000040520340860439;-0.0000002343035987451
84000;0.00000026569114042196;0.00000045736988463219;-0.00000040975656645514;-0.00000020610185913483
84100;0.00000030363644709652;0.00000051442739890106;-0.00000035128266517859;-0.0000002699374022086
84200;0.00000024762837558256;0.0000004826033737082;-0.0000003460648905218;-0.0000002938942458286
84300;0.00000023929056158778;0.00000049534361101777;-0.00000035368537965041;-0.00000030918839399874
84400;0.00000026306399814047;0.00000053483789308473;-0.00000035714939983222;-0.00000030005648454789
84500;0.00000024926689135008;0.00000053398949750871;-0.00000038698500759438;-0.00000032404794580998
84600;0.00000023387773806505;0.00000051150110769171;-0.00000041827220087498;-0.00000033364162277394
84700;0.00000027942181834995;0.00000048425848042655;-0.0000004106208137955;-0.0000003567347448552
84800;0.00000026884466652888;0.00000053214435835613;-0.00000038751800701675;-0.0000003482231960561
84900;0.00000028996379297652;0.00000050750581470638;-0.00000040042085913683;-0.00000034165186946211
85000;0.00000028315039291016;0.00000049477660279962;-0.00000039844522703447;-0.00000034827917261282
85100;0.00000031164396907535;0.00000048612207770304;-0.00000040450407112758;-0.00000033290228884653
85200;0.00000030470919987202;0.00000048399673913124;-0.00000040211044094463;-0.00000032596338428448
85300;0.00000030532248329607;0.00000047549435411298;-0.00000038152240122713;-0.00000031239446229847
85400;0.00000030365065484261;0.00000044237130625291;-0.00000042715725712128;-0.0000003369790420038
85500;0.00000033726759074426;0.00000040517419375163;-0.00000044615690342198;-0.00000037820980480774
85600;0.00000032988468046113;0.00000040170289894448;-0.00000045712262419784;-0.00000042025249058497
85700;0.00000033946164301746;0.00000039258660633479;-0.00000048490717219352;-0.00000044829967293936
85800;0.00000033040008018403;0.000000385963648597;-0.0000005122898762977;-0.00000044561932099896
85900;0.00000033644548946832;0.00000039852849420541;-0.00000048391845908213;-0.00000041310141796203
86000;0.00000033727035808617;0.00000040182195837346;-0.00000048054817369803;-0.0000004156338775374
86100;0.0000003548872753445;0.00000043826012019466;-0.0000005318388645037;-0.00000043628878643176
86200;0.00000040925284228166;0.0000004653280907263;-0.00000054223750112214;-0.0000004413997771735
86300;0.00000039748339486501;0.00000042826474455637;-0.00000048749298642292;-0.00000041960829832988
86400;0.00000038786128486734;0.00000041708162479281;-0.00000051270047052299;-0.00000038568147431306
86500;0.00000033131739751724;0.0000003530220462622;-0.00000053662047960756;-0.00000035599097714112
86600;0.00000029202664464378;0.00000029622887254277;-0.00000056088899214046;-0.00000040450503036027
86700;0.00000025814404502889;0.00000034686763994429;-0.00000058435770000642;-0.00000037133132479994
86800;0.00000021322825083381;0.00000034991105080096;-0.00000060649103872379;-0.00000040151807922939
86900;0.00000023890910583191;0.00000034852668751029;-0.00000059506420058142;-0.00000041547632179117
87000;0.00000022892044704292;0.00000036886790155677;-0.00000062485444374261;-0.00000042418010082201
87100;0.00000022500313412444;0.00000035189546521153;-0.00000062042985504718;-0.00000044347005712098
87200;0.00000019449727184373;0.0000003246517290556;-0.00000061972979636948;-0.00000043431009544292
87300;0.00000017633310633869;0.00000028638018312321;-0.00000058539738390095;-0.0000004669598183682
87400;0.00000019927309669043;0.00000029950067048645;-0.00000057569736355845;-0.0000004407998659417
87500;0.00000020148738277825;0.00000032378053393955;-0.00000057083201454589;-0.00000046733829606183
87600;0.00000019073218893162;0.0000003073213945548;-0.00000056488166677582;-0.00000046057132863098
87700;0.00000017703962540416;0.00000028802780205339;-0.00000057140783837895;-0.00000048368397642662
87800;0.00000017041580879784;0.00000031202441341804;-0.0000005958653410687;-0.00000046837037359637
87900;0.00000016820304216125;0.00000029969383996686;-0.00000055786818364822;-0.00000047492503085778
88000;0.00000016702776806099;0.00000029531464296184;-0.00000057430753841459;-0.00000048758080595235
88100;0.00000015510020845433;0.00000032250056758443;-0.0000005544688050918;-0.0000004471033179243
88200;0.00000016761936416643;0.0000003453468138126;-0.00000051471953455007;-0.00000039557941988733
88300;0.00000012882893307697;0.00000038459448781225;-0.00000051765818298577;-0.00000039980565702535
88400;0.00000018286203307127;0.00000041152618202034;-0.00000054750834976858;-0.00000042244769815625
88500;0.00000020481761042745;0.00000042909640418642;-0.0000005354026164639;-0.00000040503590525987
88600;0.0000002059498165341;0.00000043525807535971;-0.000000505618189095;-0.00000035429621902949
88700;0.00000019412459995038;0.00000043744519873101;-0.00000053337317140745;-0.00000037035674438357
88800;0.0000002239151712935;0.00000044298681878274;-0.0000005394133282266;-0.00000034871510479206
88900;0.00000023004245042202;0.00000045077863841669;-0.00000058004605563156;-0.00000033849030955935
89000;0.0000002218715251523;0.00000045632377965177;-0.00000056022673433631;-0.00000035369838258248
89100;0.00000020676721002033;0.00000043784116376955;-0.00000058651470880022;-0.00000033776339591896
89200;0.00000018193719175663;0.00000042241135345122;-0.00000059171514621426;-0.0000003344737677935
89300;0.00000016588571427611;0.00000044138961374784;-0.00000060399576184977;-0.00000032891426826609
89400;0.00000016451737350209;0.00000041574945397471;-0.00000059542383112898;-0.00000034757822220399
89500;0.00000016175982464617;0.00000042527960486538;-0.00000061521792460439;-0.00000037278373099525
89600;0.00000018079691121997;0.0000004327592053599;-0.00000058748839748546;-0.00000034422846795223
89700;0.00000020741305961636;0.00000050442955368268;-0.00000062478294537982;-0.00000032302432373399
89800;0.00000021837736241537;0.00000050324665723522;-0.00000065872494658947;-0.00000031233111030815
89900;0.00000021159533325488;0.00000049596150297759;-0.00000072630898273474;-0.00000030224541092139
90000;0.00000023939119286887;0.00000052984978315962;-0.00000066293260658767;-0.00000036356449584218
90100;0.00000024012763621961;0.00000050719063660054;-0.00000072401958917112;-0.00000037070067548939
90200;0.000000234429925694;0.00000053795424470593;-0.00000067969842021398;-0.00000033133399313101
90300;0.00000026502841876663;0.00000055963056144748;-0.0000006732161033085;-0.00000030003349138497
90400;0.00000029309489457674;0.00000055559730371968;-0.00000070303760679735;-0.00000030049585575398
90500;0.00000029479782348574;0.00000054868491972115;-0.0000007154298593548;-0.00000024763974693087
90600;0.00000026378172979236;0.00000052075162360055;-0.00000070774069982349;-0.00000025732727237937
90700;0.00000026839737943263;0.00000050657390460174;-0.00000072463526379352;-0.00000025075159726384
90800;0.00000029033824455738;0.00000050169805909661;-0.00000070865704415723;-0.00000025315945606508
90900;0.00000031101173303405;0.00000048449343781343;-0.00000072566709974353;-0.00000029102139365023
91000;0.00000029168419413139;0.00000047433270911057;-0.00000069865211926867;-0.00000028375197302921
91100;0.00000026664748720151;0.00000045652973934551;-0.00000068683968734717;-0.000000305517417587
91200;0.00000025870640052439;0.00000046607337411686;-0.00000069832587712426;-0.00000031387095589253
91300;0.0000002297988126454;0.0000004482833895203;-0.00000069864145046949;-0.00000028230469695245
91400;0.00000025883099508128;0.00000042919712583966;-0.0000007378906161648;-0.00000027616891884463
91500;0.00000020740607098446;0.0000004377788993537;-0.00000075555879774925;-0.00000023645527846838
91600;0.00000021244166625856;0.00000048146000741767;-0.00000075708300428801;-0.00000025633362099597
91700;0.00000023640361579425;0.00000049811545022038;-0.0000008199085392846;-0.00000027792400203452
91800;0.00000023269998083997;0.00000048080539016837;-0.00000082382995003627;-0.00000026527077068295
91900;0.00000021804226735256;0.00000044747546734669;-0.00000083149440754937;-0.00000030029860909053
92000;0.00000023988486286264;0.00000043780745162536;-0.00000080020943471482;-0.00000028685907693671
92100;0.00000023022496531411;0.00000041870224887219;-0.00000078013151139089;-0.00000027970955329693
92200;0.00000022814018629802;0.00000043911445724021;-0.00000080947666702968;-0.00000028374759608596
92300;0.00000021341780032103;0.00000043623749856891;-0.00000084060239657902;-0.00000025127097558197
92400;0.00000021890508383748;0.00000040878264062627;-0.00000088669031583777;-0.00000025593517705147
92500;0.00000020966063374317;0.00000043057578702488;-0.000000887784462833;-0.00000025654357216354
92600;0.00000025820073434879;0.00000044015335820546;-0.00000088859638225358;-0.00000028610263314022
92700;0.00000027814789582692;0.00000036391582547424;-0.00000090658500440099;-0.00000029257986966513
92800;0.00000028955092190586;0.0000003726657529235;-0.00000092468042112159;-0.00000028171386645681
92900;0.00000025892671251526;0.00000041791432892069;-0.00000097754552896845;-0.00000025832521544089
93000;0.00000024633244466443;0.00000043243056602194;-0.00000098161385508888;-0.00000025547571169682
93100;0.00000028047075728566;0.00000042105163533535;-0.00000099130486930221;-0.00000026137018949157
93200;0.00000027805660463009;0.00000041680472673278;-0.00000099263875341649;-0.00000026011109355295
93300;0.00000027299578153617;0.00000040997662953401;-0.00000099016957832987;-0.00000027229837940013
93400;0.00000025918754809062;0.00000043181105935375;-0.00000101045893075025;-0.00000021675232630969
93500;0.00000023041969288151;0.0000004509144395648;-0.00000099715663992583;-0.00000020605813233487
93600;0.0000002680179345127;0.00000046447793256021;-0.00000099623086313727;-0.00000025173174833526
93700;0.00000026516451612224;0.00000043591712106661;-0.0000009802120786162;-0.00000022572223201678
93800;0.00000026675527164954;0.00000044569210144729;-0.00000095711937930787;-0.00000018848031402285
93900;0.00000033685549971629;0.00000044730028481155;-0.00000093841397941219;-0.00000017501942295439
94000;0.00000035115483409953;0.00000042650277443101;-0.00000092054360933957;-0.00000020262685040962
94100;0.00000030621462610014;0.00000042578419945372;-0.00000094329259070491;-0.00000020816078460939
94200;0.00000034279106531088;0.00000039271110852113;-0.00000095612220007979;-0.00000025288970562087
94300;0.00000033784221620259;0.00000038215272590847;-0.00000092485032965328;-0.00000025571773676347
94400;0.0000003702711284248;0.00000038400751467549;-0.00000092890986636007;-0.00000026548185871889
94500;0.00000036261971825269;0.00000039675374408077;-0.00000093255926003621;-0.00000028735315993345
94600;0.00000036385073087786;0.00000036227394817345;-0.0000009523727477756;-0.00000033026567791694
94700;0.0000003497646785533;0.00000034875988674798;-0.00000094506313530474;-0.00000031033846425998
94800;0.00000040973538339983;0.00000031412343481918;-0.00000097587162883883;-0.00000029697625336667
94900;0.00000042952107293104;0.00000027877819697153;-0.00000094710530262887;-0.00000032341000633096
95000;0.00000041222861213441;0.00000025836864070428;-0.00000095052358517478;-0.00000030676700646382
95100;0.00000041280171259039;0.00000023066633492164;-0.00000091976036031838;-0.00000029405465795662
95200;0.00000039340606572402;0.00000021380258763415;-0.00000085807618077638;-0.00000030569047737572
95300;0.00000041375497294993;0.00000020098415065561;-0.0000008174349801493;-0.00000029657810785011
95400;0.0000003973863904605;0.00000022305756974816;-0.0000008397806006144;-0.00000027853072026573
95500;0.00000040092246123002;0.00000025750451548845;-0.00000087061475184669;-0.00000027906177990644
95600;0.00000039612580549075;0.00000020756157592672;-0.00000087791852365626;-0.00000027176932348993
95700;0.00000039183224598283;0.00000021740182143404;-0.00000087443753216121;-0.00000028036949117904
95800;0.00000038950516390024;0.00000020613919904378;-0.00000088774130801994;-0.00000025762847144506
95900;0.00000040696278302832;0.00000017951320208098;-0.00000083360151137413;-0.00000024003912812987
96000;0.00000041106687964643;0.00000017370044336218;-0.00000082388607580697;-0.00000026439043665505
96100;0.00000044055335224336;0.00000021276217676558;-0.00000082545329149752;-0.00000029132971235413
96200;0.00000048970439792129;0.00000024770174489319;-0.00000084113504428274;-0.00000028923135175773
96300;0.00000052451098575546;0.00000023772682311574;-0.00000083345790713452;-0.00000030713138698957
96400;0.00000054745488520247;0.00000023475640009707;-0.00000080486397990853;-0.00000032791709259072
96500;0.00000055660074682606;0.00000021933622873505;-0.00000081621904968188;-0.00000035878784387933
96600;0.00000057160545119395;0.00000023072800470203;-0.00000083350938950844;-0.00000033865305226755
96700;0.00000059192718748768;0.0000002010474053904;-0.00000085685010375869;-0.00000034440306251327
96800;0.00000061430428166531;0.00000016831738092193;-0.00000084381998988192;-0.00000037368002381299
96900;0.00000061243628080021;0.00000014704505746366;-0.00000086152713052456;-0.0000003752277990543
97000;0.00000061301769394007;0.0000001701789833497;-0.00000085125932614005;-0.00000038462167140096
97100;0.0000005425272042725;0.00000016354188492329;-0.00000084663871291468;-0.00000038152357717536
97200;0.00000056454931818273;0.00000017501198357195;-0.0000008594954223895;-0.0000004103115855969
97300;0.00000057045230006381;0.00000019849483434697;-0.00000086825800948986;-0.00000043341002253783
97400;0.00000056613859333865;0.00000019681881813227;-0.00000086413411182207;-0.00000040552295388352
97500;0.000000574445456758;0.00000017201556890001;-0.00000088348950910699;-0.00000041273240469764
97600;0.00000057033089961855;0.00000017315484424074;-0.00000086085435668792;-0.00000044340488614125
97700;0.00000055097680329297;0.00000019469397383176;-0.00000090020070686592;-0.00000045024277994798
97800;0.00000058287023563253;0.00000018237397458876;-0.00000090820639186973;-0.00000046052412017161
97900;0.00000059193494328369;0.00000017883228986548;-0.000000912205408099;-0.00000044451411440605
98000;0.00000057873352954374;0.00000017358558146441;-0.00000089845713091563;-0.00000044889833361594
98100;0.00000059893166071134;0.00000023048058217512;-0.00000084870363181722;-0.00000047356157040213
98200;0.00000058006191738791;0.00000023140117155762;-0.00000084838931613263;-0.0000004428420510294
98300;0.00000058818129655691;0.00000019411721297047;-0.00000085307140551549;-0.00000045437899132139
98400;0.0000005703006638047;0.00000016443438299873;-0.00000086233412233128;-0.0000004932025206017
98500;0.00000053652074227806;0.00000018145911973022;-0.00000085316875342301;-0.00000051081129015529
98600;0.00000053241793618319;0.00000017632769644393;-0.00000087796901837578;-0.00000049886675412836
98700;0.00000055868044612772;0.00000018954887570644;-0.00000089836452232817;-0.00000048059415291846
98800;0.0000005748632074809;0.00000020685734725134;-0.0000009319869533897;-0.00000047654687307386
98900;0.00000059977468591654;0.00000018358205000624;-0.0000009270395473493;-0.00000049213595332276
99000;0.00000057652994067681;0.00000017764775250839;-0.00000090092849447387;-0.00000047372563471981
99100;0.0000006189610135543;0.00000017311393918362;-0.00000088686879351485;-0.00000047502526001608
99200;0.00000060349793562509;0.00000021589753851359;-0.00000089422098525915;-0.00000043903445146043
99300;0.00000057300280542627;0.00000018146362856797;-0.0000009148498918421;-0.00000043462176790854
99400;0.00000057112127604952;0.00000023239659663332;-0.00000091970719751089;-0.00000046579420143189
99500;0.00000058253370593953;0.00000023243535718365;-0.00000091744554353568;-0.00000042935585042869
99600;0.00000056490697564193;0.00000023559652895244;-0.00000092693310804748;-0.00000041849256149362
99700;0.00000057955364241025;0.00000027476158059869;-0.00000092673261065102;-0.00000042989648818548
99800;0.00000058033503580468;0.00000026598689828461;-0.0000009175475952361;-0.00000040486460761713
99900;0.00000057417831511586;0.00000028867156753876;-0.00000091666389678835;-0.00000036751947618541
100000;0.00000054523332693179;0.00000027152332515712;-0.00000095486415574442;-0.00000039563994391756
100000;0.0000005452333164957;0.00000027152331627533;-0.00000095486630513619;-0.00000039593577128016
