Tempo;Ocupação;E[N];E[W];Erro Little;Lambda
100;0;0;-nan;-nan;0
200;0,246558;0,398936;39,893588;0;0,01
300;0,494743;0,6103;91,545024;0;0,006667
400;0,555065;0,550923;55,092286;-2,2204E-16;0,01
500;0,558866;0,581619;48,46824;-3,3307E-16;0,012
600;0,606183;0,839358;55,95722;1,1102E-16;0,015
700;0,718839;0,942176;65,952316;-3,3307E-16;0,014286
800;0,810734;1,025468;82,037423;-4,4409E-16;0,0125
900;0,720652;1,022638;92,037423;-4,4409E-16;0,011111
1000;0,726852;1,03106;85,921662;0;0,012
1100;0,677729;0,958476;87,860267;2,2204E-16;0,010909
1200;0,635793;0,881486;81,367915;-3,3307E-16;0,010833
1300;0,586886;0,824441;82,444112;0;0,01
1400;0,544965;0,765552;82,444112;0;0,009286
1500;0,593593;0,726044;72,604427;-4,4409E-16;0,01
1600;0,556493;0,805667;85,937761;-2,2204E-16;0,009375
1700;0,608824;0,881651;93,675401;1,1102E-16;0,009412
1800;0,703169;0,922334;97,658856;-1,1102E-16;0,009444
1900;0,66616;0,939225;99,140463;6,6613E-16;0,009474
2000;0,635232;0,98751;109,723385;1,22125E-15;0,009
2100;0,728114;0,977035;102,588628;-8,8818E-16;0,009524
2200;0,695018;1,023533;112,588628;-8,8818E-16;0,009091
2300;0,664799;1,126926;117,815016;-1,11022E-15;0,009565
2400;0,687534;1,212019;121,201928;-1,33227E-15;0,01
2500;0,820367;1,271932;127,19318;0;0,01
2600;0,788815;1,346042;124,989611;-1,33227E-15;0,010769
2700;0,759599;1,486213;138,37152;6,6613E-16;0,010741
2800;0,732471;1,676468;151,422954;0;0,011071
2900;0,742989;1,867626;174,71343;6,6613E-16;0,01069
3000;0,825462;2,001949;187,682692;2,22045E-15;0,010667
3100;0,798834;2,127569;193,984267;2,66454E-15;0,010968
3200;0,773871;2,326036;195,876699;3,9968E-15;0,011875
3300;0,768583;2,564721;222,725796;3,10862E-15;0,011515
3400;0,787839;2,662104;238,188243;3,55271E-15;0,011176
3500;0,789715;2,795194;232,932808;3,9968E-15;0,012
3600;0,808199;2,950618;236,049479;8,8818E-16;0,0125
3700;0,814328;3,081925;253,402735;8,8818E-16;0,012162
3800;0,886144;3,180926;268,611492;4,4409E-16;0,011842
3900;0,863422;3,25321;281,944825;-1,33227E-15;0,011538
4000;0,841836;3,321879;295,278158;-8,8818E-16;0,01125
4100;0,821304;3,387199;308,611492;-8,8818E-16;0,010976
4200;0,83276;3,43482;320,583183;-3,10862E-15;0,010714
4300;0,821797;3,487453;312,417621;-1,33227E-15;0,011163
4400;0,831869;3,528441;323,440398;-8,8818E-16;0,010909
4500;0,840458;3,539434;331,82192;-4,88498E-15;0,010667
4600;0,825171;3,477091;326,420824;-4,44089E-15;0,010652
4700;0,906976;3,425464;315,679985;-2,22045E-15;0,010851
4800;0,888081;3,394024;313,294503;-1,77636E-15;0,010833
4900;0,869957;3,365574;317,140657;-1,77636E-15;0,010612
5000;0,852558;3,338263;320,986811;-8,8818E-16;0,0104
5100;0,841295;3,311933;318,695436;-1,77636E-15;0,010392
5200;0,828846;3,253127;313,264077;-3,10862E-15;0,010385
5300;0,820143;3,198683;308,236698;-8,8818E-16;0,010377
5400;0,805556;3,140049;302,790423;-2,22045E-15;0,01037
5500;0,82067;3,093249;288,353679;6,66134E-15;0,010727
5600;0,806015;3,060834;285,677881;8,43769E-15;0,010714
5700;0,806261;3,028653;283,005248;8,88178E-15;0,010702
5800;0,823949;2,993472;280,034513;9,32587E-15;0,01069
5900;0,809983;2,957039;281,39569;8,43769E-15;0,010508
6000;0,796484;2,907755;281,39569;8,43769E-15;0,010333
6100;0,806719;2,873042;278,183386;5,77316E-15;0,010328
6200;0,793708;2,836874;279,184432;3,10862E-15;0,010161
6300;0,788606;2,799341;275,560092;3,10862E-15;0,010159
6400;0,776284;2,755601;275,560092;2,66454E-15;0,01
6500;0,764341;2,713207;275,560092;2,66454E-15;0,009846
6600;0,756703;2,675935;271,710357;8,8818E-16;0,009848
6700;0,745409;2,6361;271,721053;4,4409E-16;0,009701
6800;0,734447;2,597334;271,721053;0;0,009559
6900;0,728501;2,56439;268,095294;4,4409E-16;0,009565
7000;0,749655;2,534465;260,900847;-8,8818E-16;0,009714
7100;0,739096;2,549067;254,90674;8,8818E-16;0,01
7200;0,744567;2,588048;258,804814;1,77636E-15;0,01
7300;0,752861;2,62203;262,202962;3,9968E-15;0,01
7400;0,742688;2,654164;269,052277;0;0,009865
7500;0,758404;2,667676;274,076333;3,10862E-15;0,009733
7600;0,748425;2,670566;274,274392;8,88178E-15;0,009737
7700;0,751443;2,66459;269,965089;1,77636E-15;0,00987
7800;0,760338;2,665423;270,003858;-4,4409E-16;0,009872
7900;0,794174;2,665004;273,422527;-3,9968E-15;0,009747
8000;0,784247;2,656692;276,01993;-3,9968E-15;0,009625
8100;0,774565;2,653865;275,593718;-8,88178E-15;0,00963
8200;0,765119;2,660754;276,179481;-7,99361E-15;0,009634
8300;0,772102;2,665633;280,060164;-3,55271E-15;0,009518
8400;0,772184;2,662595;283,111394;-2,22045E-15;0,009405
8500;0,787205;2,648798;281,434772;-3,55271E-15;0,009412
8600;0,778052;2,633963;276,244909;-3,10862E-15;0,009535
8700;0,790817;2,633637;272,769591;-5,32907E-15;0,009655
8800;0,78183;2,635203;272,820974;-4,88498E-15;0,009659
8900;0,782885;2,623031;268,333042;-7,54952E-15;0,009775
9000;0,793126;2,606998;269,689446;-7,54952E-15;0,009667
9100;0,785754;2,588949;267,720904;-1,199041E-14;0,00967
9200;0,777213;2,561269;267,769015;-6,66134E-15;0,009565
9300;0,787145;2,548975;260,499667;4,4409E-16;0,009785
9400;0,780626;2,541884;262,568238;3,9968E-15;0,009681
9500;0,772408;2,515725;262,630608;3,55271E-15;0,009579
9600;0,764363;2,489519;262,630608;3,55271E-15;0,009479
9700;0,7789;2,470957;260,52485;-4,4409E-16;0,009485
9800;0,770952;2,462434;259,482308;-5,32907E-15;0,00949
9900;0,778756;2,452566;261,079582;-9,32587E-15;0,009394
10000;0,770968;2,442595;259,850547;-7,54952E-15;0,0094
10100;0,774037;2,444318;251,914406;-8,88178E-15;0,009703
10200;0,784902;2,457628;253,210117;-1,509903E-14;0,009706
10300;0,786617;2,478646;255,300587;-1,376677E-14;0,009709
10400;0,783073;2,498719;257,293813;-1,687539E-14;0,009712
10500;0,795524;2,507033;260,632161;-1,64313E-14;0,009619
10600;0,788019;2,511684;263,602458;-1,64313E-14;0,009528
10700;0,797764;2,506813;265,573308;-6,21725E-15;0,009439
10800;0,790377;2,499618;262,095871;-9,32587E-15;0,009537
10900;0,79363;2,497722;264,322027;-8,43769E-15;0,00945
11000;0,787947;2,484508;265,335825;-7,10543E-15;0,009364
11100;0,7895;2,463201;262,899342;-6,66134E-15;0,009369
11200;0,785143;2,458648;254,970933;5,77316E-15;0,009643
11300;0,782917;2,454122;254,418154;1,865175E-14;0,009646
11400;0,782965;2,438875;250,479029;1,687539E-14;0,009737
11500;0,784819;2,435457;250,069205;2,131628E-14;0,009739
11600;0,785756;2,425595;251,222332;1,909584E-14;0,009655
11700;0,77904;2,406444;251,387436;2,398082E-14;0,009573
11800;0,785917;2,393373;247,735086;2,131628E-14;0,009661
11900;0,787397;2,398183;246,020544;1,64313E-14;0,009748
12000;0,786525;2,409952;245,079841;8,88178E-15;0,009833
12100;0,785639;2,424861;246,561456;-2,66454E-15;0,009835
12200;0,786306;2,425981;246,641441;-1,376677E-14;0,009836
12300;0,784309;2,41518;243,497684;-1,776357E-14;0,009919
12400;0,777984;2,395703;243,497684;-1,776357E-14;0,009839
12500;0,772814;2,377591;241,625141;-2,708944E-14;0,00984
12600;0,766681;2,358722;241,625141;-2,664535E-14;0,009762
12700;0,764459;2,341199;239,78404;-2,087219E-14;0,009764
12800;0,76374;2,345829;234,582911;-2,975398E-14;0,01
12900;0,769907;2,335579;235,38262;-2,975398E-14;0,009922
13000;0,763985;2,322098;235,838039;-3,108624E-14;0,009846
13100;0,758153;2,304372;235,838039;-3,108624E-14;0,009771
13200;0,752409;2,286914;235,838039;-3,064216E-14;0,009697
13300;0,750853;2,270303;234,07005;-3,108624E-14;0,009699
13400;0,755568;2,263442;229,773696;-3,508305E-14;0,009851
13500;0,751439;2,26779;231,933079;-2,930989E-14;0,009778
13600;0,75698;2,262347;229,611294;-3,952394E-14;0,009853
13700;0,769951;2,257173;230,770698;-3,774758E-14;0,009781
13800;0,764372;2,248063;231,516967;-3,774758E-14;0,00971
13900;0,758873;2,245671;231,220951;-3,730349E-14;0,009712
14000;0,760922;2,239567;228,860908;-3,552714E-14;0,009786
14100;0,756786;2,226837;227,52464;-3,153033E-14;0,009787
14200;0,761006;2,213155;222,885065;-3,819167E-14;0,00993
14300;0,755684;2,215245;221,52447;-4,041212E-14;0,01
14400;0,760163;2,221906;222,190557;-3,552714E-14;0,01
14500;0,790238;2,233871;221,857082;-4,041212E-14;0,010069
14600;0,784826;2,245968;224,596808;-4,840572E-14;0,01
14700;0,779487;2,263065;226,306456;-3,641532E-14;0,01
14800;0,77422;2,285534;228,553394;-2,087219E-14;0,01
14900;0,769024;2,318094;230,263993;-5,77316E-15;0,010067
15000;0,769822;2,359449;234,38238;-5,32907E-15;0,010067
15100;0,77317;2,394061;237,831109;-3,9968E-15;0,010066
15200;0,775328;2,433122;241,721896;4,44089E-15;0,010066
15300;0,777472;2,482598;243,485587;2,664535E-14;0,010196
15400;0,772424;2,533128;248,472436;3,064216E-14;0,010195
15500;0,781464;2,585138;253,605321;1,865175E-14;0,010194
15600;0,776455;2,641167;257,513791;8,43769E-15;0,010256
15700;0,783661;2,698093;264,750362;9,32587E-15;0,010191
15800;0,778701;2,750637;271,625362;8,88178E-15;0,010127
15900;0,780543;2,791732;277,428361;1,598721E-14;0,010063
16000;0,781469;2,823812;278,895009;2,04281E-14;0,010125
16100;0,782971;2,857243;280,49761;2,4869E-14;0,010186
16200;0,786035;2,885937;283,346576;1,865175E-14;0,010185
16300;0,788286;2,907535;287,229232;2,531308E-14;0,010123
16400;0,786668;2,927404;289,213445;2,842171E-14;0,010122
16500;0,788325;2,934387;291,671045;4,440892E-14;0,010061
16600;0,787676;2,922524;292,252408;4,884981E-14;0,01
16700;0,796824;2,908751;290,875112;3,996803E-14;0,01
16800;0,792081;2,89739;291,473914;3,952394E-14;0,00994
16900;0,787653;2,884605;290,177502;3,819167E-14;0,009941
17000;0,78302;2,867636;290,177502;3,819167E-14;0,009882
17100;0,783684;2,85362;287,040586;3,774758E-14;0,009942
17200;0,788487;2,846274;287,975968;4,041212E-14;0,009884
17300;0,783929;2,839859;285,637015;4,218847E-14;0,009942
17400;0,78368;2,835021;286,798681;3,819167E-14;0,009885
17500;0,779202;2,818821;286,798681;3,819167E-14;0,009829
17600;0,778656;2,806687;285,535742;3,463896E-14;0,00983
17700;0,777972;2,794047;284,222072;3,863576E-14;0,009831
17800;0,773601;2,778845;284,272643;4,707346E-14;0,009775
17900;0,770429;2,764471;282,765857;4,485301E-14;0,009777
18000;0,766454;2,749418;281,19043;3,952394E-14;0,009778
18100;0,768124;2,740737;277,135957;4,307665E-14;0,00989
18200;0,770075;2,739823;277,02654;4,396483E-14;0,00989
18300;0,772014;2,737096;276,733991;3,730349E-14;0,009891
18400;0,775063;2,731644;276,166199;4,618528E-14;0,009891
18500;0,776379;2,731082;276,093039;5,551115E-14;0,009892
18600;0,774173;2,730499;274,525851;5,018208E-14;0,009946
18700;0,774557;2,72986;274,45363;5,329071E-14;0,009947
18800;0,777988;2,723838;272,383755;6,661338E-14;0,01
18900;0,781923;2,718386;271,838609;6,528111E-14;0,01
19000;0,777807;2,719059;270,482354;6,039613E-14;0,010053
19100;0,778633;2,722627;270,844621;6,972201E-14;0,010052
19200;0,779971;2,724239;272,423938;7,149836E-14;0,01
19300;0,78153;2,716344;273,049158;7,81597E-14;0,009948
19400;0,777501;2,703109;273,126603;8,171241E-14;0,009897
19500;0,774556;2,690148;270,401446;9,325873E-14;0,009949
19600;0,775974;2,679813;269,355551;8,970602E-14;0,009949
19700;0,772918;2,669201;268,28193;8,615331E-14;0,009949
19800;0,772526;2,658714;267,220988;8,65974E-14;0,009949
19900;0,781614;2,648982;264,898159;8,038015E-14;0,01
20000;0,777706;2,643259;264,325913;8,126833E-14;0,01
20100;0,797417;2,642706;264,270578;8,126833E-14;0,01
20200;0,793469;2,644022;264,402181;7,371881E-14;0,01
20300;0,78956;2,648277;263,529566;6,838974E-14;0,010049
20400;0,78569;2,664947;263,907403;7,682743E-14;0,010098
20500;0,781857;2,68643;266,047397;7,327472E-14;0,010098
20600;0,785238;2,715396;268,928659;8,21565E-14;0,010097
20700;0,781444;2,740926;272,774813;8,171241E-14;0,010048
20800;0,783381;2,762264;276,226447;8,437695E-14;0,01
20900;0,784074;2,779496;279,285879;7,638334E-14;0,009952
21000;0,786982;2,79146;281,83007;7,01661E-14;0,009905
21100;0,785705;2,800822;282,762401;4,307665E-14;0,009905
21200;0,78778;2,806495;284,677986;3,108624E-14;0,009858
21300;0,788375;2,808207;284,832383;3,996803E-14;0,009859
21400;0,794011;2,806039;285,948727;4,574119E-14;0,009813
21500;0,790318;2,804333;285,749564;3,641532E-14;0,009814
21600;0,792754;2,807091;283,33251;1,287859E-14;0,009907
21700;0,790897;2,810123;284,951734;1,776357E-14;0,009862
21800;0,790612;2,80099;285,334447;1,776357E-14;0,009817
21900;0,787002;2,7882;285,334447;1,731948E-14;0,009772
22000;0,789704;2,776221;284,078402;2,309264E-14;0,009773
22100;0,786131;2,768184;284,543519;2,309264E-14;0,009729
22200;0,782825;2,75698;283,356289;3,241851E-14;0,00973
22300;0,779315;2,744617;283,356289;3,153033E-14;0,009686
22400;0,779881;2,741215;279,105497;1,820766E-14;0,009821
22500;0,781137;2,739204;280,145878;1,598721E-14;0,009778
22600;0,785137;2,732591;279,441467;2,708944E-14;0,009779
22700;0,781679;2,72495;279,893028;1,909584E-14;0,009736
22800;0,779956;2,713657;278,69995;2,531308E-14;0,009737
22900;0,779953;2,705685;277,848403;7,54952E-15;0,009738
23000;0,776562;2,694486;277,906659;-3,55271E-15;0,009696
23100;0,782391;2,685431;276,935084;4,88498E-15;0,009697
23200;0,779019;2,682753;275,397633;1,332268E-14;0,009741
23300;0,787495;2,680423;276,344489;1,24345E-14;0,0097
23400;0,784129;2,675073;275,756458;2,531308E-14;0,009701
23500;0,780793;2,672201;276,637515;2,531308E-14;0,00966
23600;0,788319;2,663871;275,73404;4,13003E-14;0,009661
23700;0,784992;2,657808;275,065698;4,218847E-14;0,009662
23800;0,781694;2,666655;270,069691;1,287859E-14;0,009874
23900;0,782561;2,686455;273,218157;6,66134E-15;0,009833
24000;0,788153;2,69893;275,635387;7,10543E-15;0,009792
24100;0,784883;2,706129;276,346233;1,998401E-14;0,009793
24200;0,785576;2,711406;278,033992;2,087219E-14;0,009752
24300;0,782843;2,704576;278,479606;2,353673E-14;0,009712
24400;0,779635;2,693491;278,479606;2,398082E-14;0,009672
24500;0,776453;2,682497;278,479606;2,353673E-14;0,009633
24600;0,773296;2,671593;278,479606;2,309264E-14;0,009593
24700;0,780358;2,664785;277,7223;2,087219E-14;0,009595
24800;0,777211;2,658072;278,144241;2,131628E-14;0,009556
24900;0,776648;2,651178;277,371129;3,597123E-14;0,009558
25000;0,778926;2,64406;275,422917;5,062617E-14;0,0096
25100;0,776937;2,648171;272,414295;1,065814E-14;0,009721
25200;0,779457;2,657147;272,195581;2,797762E-14;0,009762
25300;0,782454;2,666799;272,056493;2,975398E-14;0,009802
25400;0,781292;2,679751;274,45841;1,598721E-14;0,009764
25500;0,782498;2,68859;273,143616;1,376677E-14;0,009843
25600;0,789018;2,697163;275,089182;2,131628E-14;0,009805
25700;0,785948;2,704082;274,683454;2,4869E-14;0,009844
25800;0,783092;2,712921;276,653619;3,68594E-14;0,009806
25900;0,786063;2,713545;276,696089;4,751755E-14;0,009807
26000;0,786505;2,709906;276,304091;4,840572E-14;0,009808
26100;0,784633;2,703585;275,638948;6,439294E-14;0,009808
26200;0,781638;2,693266;275,638948;6,394885E-14;0,009771
26300;0,783902;2,688263;274,03611;5,462297E-14;0,00981
26400;0,786409;2,691605;272,254324;4,396483E-14;0,009886
26500;0,783441;2,692769;273,403749;4,352074E-14;0,009849
26600;0,784449;2,694914;270,508387;4,92939E-14;0,009962
26700;0,791497;2,694354;270,448277;3,952394E-14;0,009963
26800;0,788543;2,696883;269,688309;4,174439E-14;0,01
26900;0,787741;2,704124;270,412389;3,108624E-14;0,01
27000;0,788022;2,704592;271,464617;2,087219E-14;0,009963
27100;0,785393;2,696427;271,647501;2,797762E-14;0,009926
27200;0,782506;2,686514;271,647501;2,797762E-14;0,00989
27300;0,783347;2,677996;270,775198;2,664535E-14;0,00989
27400;0,783058;2,672214;270,179528;3,153033E-14;0,009891
27500;0,787223;2,664293;269,367878;3,641532E-14;0,009891
27600;0,784371;2,65965;268,887681;3,508305E-14;0,009891
27700;0,78296;2,657017;268,610862;4,174439E-14;0,009892
27800;0,782938;2,649302;267,82034;3,68594E-14;0,009892
27900;0,782877;2,643884;267,262196;4,13003E-14;0,009892
28000;0,780081;2,635857;267,405803;4,485301E-14;0,009857
28100;0,795204;2,63039;265,877544;6,039613E-14;0,009893
28200;0,792384;2,630575;264,936483;5,417888E-14;0,009929
28300;0,789584;2,637781;265,655565;4,796163E-14;0,009929
28400;0,786804;2,646099;267,434925;4,751755E-14;0,009894
28500;0,784043;2,654358;269,214284;4,707346E-14;0,00986
28600;0,785347;2,664104;269,234577;4,574119E-14;0,009895
28700;0,787286;2,676599;269,538226;4,352074E-14;0,00993
28800;0,784832;2,684477;271,273506;3,952394E-14;0,009896
28900;0,786629;2,685659;272,335254;5,151435E-14;0,009862
29000;0,788135;2,686334;272,390538;5,506706E-14;0,009862
29100;0,788822;2,685793;272,322567;6,261658E-14;0,009863
29200;0,789445;2,681872;270,971126;9,769963E-14;0,009897
29300;0,787191;2,675336;270,301226;8,704149E-14;0,009898
29400;0,784853;2,666624;269,411496;8,881784E-14;0,009898
29500;0,782193;2,657585;269,411496;8,881784E-14;0,009864
29600;0,77955;2,648606;269,411496;8,837375E-14;0,009831
29700;0,776926;2,639688;269,411496;8,837375E-14;0,009798
29800;0,774319;2,63083;269,411496;8,792966E-14;0,009765
29900;0,776457;2,626593;267,12629;5,77316E-14;0,009833
30000;0,775301;2,630969;266,652284;4,041212E-14;0,009867
30100;0,775926;2,636959;266,35052;3,55271E-15;0,0099
30200;0,779866;2,642319;267,778589;-4,88498E-15;0,009868
30300;0,777292;2,646799;269,120871;-4,44089E-15;0,009835
30400;0,780346;2,653617;267,11908;-8,8818E-16;0,009934
30500;0,784134;2,667629;269,412818;1,820766E-14;0,009902
30600;0,781571;2,678519;271,399573;1,820766E-14;0,009869
30700;0,783911;2,688958;272,445574;6,66134E-15;0,00987
30800;0,781366;2,699708;274,425772;5,77316E-15;0,009838
30900;0,782187;2,711321;273,790289;-9,32587E-15;0,009903
31000;0,781986;2,725893;273,471475;-4,92939E-14;0,009968
31100;0,784095;2,735128;273,512755;-7,81597E-14;0,01
31200;0,786029;2,743183;273,441885;-6,439294E-14;0,010032
31300;0,784559;2,765093;272,16166;-5,595524E-14;0,01016
31400;0,788648;2,78514;275,01067;-3,863576E-14;0,010127
31500;0,786145;2,801851;276,671782;-3,064216E-14;0,010127
31600;0,785991;2,823396;277,941749;-8,8818E-16;0,010158
31700;0,794217;2,844924;280,074808;1,199041E-14;0,010158
31800;0,79172;2,863217;281,889486;3,9968E-15;0,010157
31900;0,789238;2,882455;284,675864;4,44089E-15;0,010125
32000;0,790433;2,903329;285,866275;1,465494E-14;0,010156
32100;0,789628;2,92036;288,441693;-7,10543E-15;0,010125
32200;0,795594;2,93046;290,340964;-9,76996E-15;0,010093
32300;0,793131;2,940321;291,326251;-1,820766E-14;0,010093
32400;0,793435;2,954661;292,755385;-1,421085E-14;0,010093
32500;0,793132;2,967342;294,020216;1,64313E-14;0,010092
32600;0,794188;2,978086;295,992679;2,664535E-14;0,010061
32700;0,794726;2,985737;297,663385;1,909584E-14;0,010031
32800;0,795939;2,98754;298,754041;1,731948E-14;0,01
32900;0,796132;2,990858;298,179456;2,531308E-14;0,01003
33000;0,797768;2,992793;299,279284;4,707346E-14;0,01
33100;0,796737;2,99271;300,17784;2,797762E-14;0,00997
33200;0,796125;2,989044;298,904432;2,753353E-14;0,01
33300;0,795538;2,981964;299,094559;3,330669E-14;0,00997
33400;0,794104;2,973984;298,291503;4,218847E-14;0,00997
33500;0,793876;2,968263;296,826327;2,620126E-14;0,01
33600;0,796326;2,965186;295,63877;3,241851E-14;0,01003
33700;0,796064;2,964906;295,613449;2,220446E-14;0,01003
33800;0,796475;2,967729;295,027159;3,28626E-14;0,010059
33900;0,797105;2,970052;295,263204;5,639933E-14;0,010059
34000;0,802043;2,967989;295,063258;3,153033E-14;0,010059
34100;0,799691;2,965151;295,648054;3,108624E-14;0,010029
34200;0,804784;2,961696;296,169606;2,264855E-14;0,01
34300;0,802438;2,958714;295,871446;2,04281E-14;0,01
34400;0,800105;2,959472;295,089408;1,598721E-14;0,010029
34500;0,800074;2,958839;295,883867;2,220446E-14;0,01
34600;0,801436;2,950644;295,064374;1,776357E-14;0,01
34700;0,799127;2,949661;294,118472;2,708944E-14;0,010029
34800;0,799618;2,947745;293,929846;1,376677E-14;0,010029
34900;0,799577;2,948146;293,13473;8,88178E-15;0,010057
35000;0,801815;2,944122;292,739356;1,687539E-14;0,010057
35100;0,802192;2,940295;293,194211;4,44089E-15;0,010028
35200;0,804616;2,937439;292,08435;-1,287859E-14;0,010057
35300;0,802336;2,931951;292,366836;-1,24345E-14;0,010028
35400;0,801159;2,925486;291,724493;1,421085E-14;0,010028
35500;0,807192;2,921027;289,654867;-9,32587E-15;0,010085
35600;0,804925;2,918235;289,38487;-1,953993E-14;0,010084
35700;0,80267;2,917415;289,310294;-1,332268E-14;0,010084
35800;0,806414;2,913789;289,760164;-3,197442E-14;0,010056
35900;0,804168;2,90882;289,270459;-1,64313E-14;0,010056
36000;0,806406;2,912552;287,265381;-5,062617E-14;0,010139
36100;0,805396;2,918401;287,853172;-5,906386E-14;0,010139
36200;0,819531;2,922902;288,308023;-7,638334E-14;0,010138
36300;0,817273;2,932426;286,919276;-8,393286E-14;0,01022
36400;0,815028;2,951179;288,771312;-8,792966E-14;0,01022
36500;0,812795;2,971586;290,007733;-9,992007E-14;0,010247
36600;0,810574;2,998871;292,689778;-1,0125234E-13;0,010246
36700;0,808366;3,026122;296,156444;-1,0125234E-13;0,010218
36800;0,809988;3,049476;299,255257;-8,970602E-14;0,01019
36900;0,812478;3,073406;300,818827;-8,970602E-14;0,010217
37000;0,810282;3,099618;303,401782;-7,81597E-14;0,010216
37100;0,812965;3,127111;306,110381;-6,439294E-14;0,010216
37200;0,810779;3,154115;308,771263;-4,840572E-14;0,010215
37300;0,813888;3,181996;311,518285;-4,396483E-14;0,010214
37400;0,811711;3,208248;314,930359;-4,396483E-14;0,010187
37500;0,81333;3,232981;316,545156;-5,195844E-14;0,010213
37600;0,813566;3,259801;318,359815;-3,730349E-14;0,010239
37700;0,814342;3,287658;321,100282;-2,797762E-14;0,010239
37800;0,813163;3,307121;323,858001;-1,909584E-14;0,010212
37900;0,815655;3,322523;323,711067;-4,618528E-14;0,010264
38000;0,814526;3,341702;326,438783;-3,730349E-14;0,010237
38100;0,815927;3,354343;328,535861;-3,108624E-14;0,01021
38200;0,818221;3,365058;330,450459;-3,108624E-14;0,010183
38300;0,816084;3,371938;331,992876;-3,019807E-14;0,010157
38400;0,816377;3,380057;331,954412;-3,774758E-14;0,010182
38500;0,817228;3,388416;332,790905;-1,865175E-14;0,010182
38600;0,817103;3,395004;331,76498;1,687539E-14;0,010233
38700;0,818358;3,401762;332,444897;6,21725E-15;0,010233
38800;0,818175;3,410012;332,433349;-1,465494E-14;0,010258
38900;0,820454;3,416417;333,916171;-1,065814E-14;0,010231
39000;0,823976;3,42157;333,603044;1,110223E-14;0,010256
39100;0,821869;3,428164;335,103044;1,021405E-14;0,01023
39200;0,820417;3,435928;334,214374;3,10862E-15;0,010281
39300;0,822773;3,448379;333,796308;-2,930989E-14;0,010331
39400;0,82134;3,463035;334,420507;-4,13003E-14;0,010355
39500;0,824754;3,473376;336,270462;-3,419487E-14;0,010329
39600;0,822671;3,484043;337,330364;-4,574119E-14;0,010328
39700;0,823578;3,496515;337,74119;-7,01661E-14;0,010353
39800;0,82322;3,506821;339,589963;-8,482104E-14;0,010327
39900;0,823504;3,51377;341,117844;-8,970602E-14;0,010301
40000;0,826592;3,516835;342,271083;-8,21565E-14;0,010275
40100;0,824531;3,518158;342,422621;-7,771561E-14;0,010274
40200;0,825466;3,522847;342,073534;-9,503509E-14;0,010299
40300;0,827299;3,52488;343,12242;-9,015011E-14;0,010273
40400;0,825252;3,523581;343,847057;-9,015011E-14;0,010248
40500;0,826937;3,522653;342,950601;-6,217249E-14;0,010272
40600;0,826692;3,521791;343,713228;-4,707346E-14;0,010246
40700;0,829765;3,51608;342,35516;-1,287859E-14;0,01027
40800;0,827731;3,51123;341,904935;1,33227E-15;0,01027
40900;0,828108;3,508098;340,00289;-8,8818E-16;0,010318
41000;0,828537;3,504395;340,474436;-1,24345E-14;0,010293
41100;0,82818;3,499061;339,979729;-1,687539E-14;0,010292
41200;0,830709;3,491824;337,70697;0;0,01034
41300;0,828698;3,488266;336,601414;-7,99361E-15;0,010363
41400;0,828416;3,488856;336,68684;8,88178E-15;0,010362
41500;0,831625;3,489162;336,744682;-1,065814E-14;0,010361
41600;0,829626;3,494212;335,70258;1,24345E-14;0,010409
41700;0,831775;3,503879;335,889094;1,64313E-14;0,010432
41800;0,829785;3,516046;337,088822;1,110223E-14;0,010431
41900;0,833069;3,52852;338,318066;2,131628E-14;0,01043
42000;0,831086;3,541547;340,377563;2,087219E-14;0,010405
42100;0,831841;3,552638;342,256429;-3,10862E-15;0,01038
42200;0,832295;3,559023;342,901297;-2,575717E-14;0,010379
42300;0,832349;3,566112;341,281726;3,730349E-14;0,010449
42400;0,833199;3,572223;342,67474;3,064216E-14;0,010425
42500;0,833087;3,575545;341,484621;3,10862E-15;0,010471
42600;0,837604;3,578719;341,823786;-3,375078E-14;0,010469
42700;0,835642;3,582047;342,944862;-3,330669E-14;0,010445
42800;0,83369;3,58536;344,065938;-3,330669E-14;0,010421
42900;0,835766;3,587702;342,789368;-6,66134E-15;0,010466
43000;0,835834;3,589258;342,213063;7,10543E-15;0,010488
43100;0,836421;3,590439;342,362687;2,220446E-14;0,010487
43200;0,837086;3,590856;343,196876;4,263256E-14;0,010463
43300;0,83616;3,593182;341,944584;3,241851E-14;0,010508
43400;0,836396;3,593486;342,763326;6,439294E-14;0,010484
43500;0,837392;3,590455;342,510516;1,0969003E-13;0,010483
43600;0,837391;3,588427;341,605677;1,2523316E-13;0,010505
43700;0,836387;3,584369;342,002;9,636736E-14;0,010481
43800;0,84113;3,577312;339,883446;9,947598E-14;0,010525
43900;0,839214;3,576739;339,867641;1,0347279E-13;0,010524
44000;0,837306;3,579939;339,477009;1,2922996E-13;0,010545
44100;0,837832;3,585863;340,078613;9,192647E-14;0,010544
44200;0,838771;3,592146;339,984688;4,884981E-14;0,010566
44300;0,837283;3,60328;338,907265;2,398082E-14;0,010632
44400;0,83792;3,611583;339,015447;1,465494E-14;0,010653
44500;0,841338;3,620136;339,865096;-2,66454E-15;0,010652
44600;0,839452;3,628787;340,724036;-4,4409E-16;0,01065
44700;0,840099;3,636852;341,527898;-1,865175E-14;0,010649
44800;0,839579;3,647206;341,830186;-6,483702E-14;0,01067
44900;0,841514;3,652938;342,41528;-4,263256E-14;0,010668
45000;0,841014;3,655876;343,453938;-3,819167E-14;0,010644
45100;0,840827;3,658842;343,06396;-3,108624E-14;0,010665
45200;0,841353;3,657153;343,665976;-2,04281E-14;0,010642
45300;0,840769;3,653413;342,649253;-3,197442E-14;0,010662
45400;0,842157;3,649779;343,064106;-2,4869E-14;0,010639
45500;0,842816;3,647652;342,202389;-9,32587E-15;0,010659
45600;0,841873;3,646712;342,160668;2,66454E-15;0,010658
45700;0,84673;3,642787;341,13803;4,662937E-14;0,010678
45800;0,844881;3,63728;340,66958;3,552714E-14;0,010677
45900;0,84304;3,633713;341,078578;3,552714E-14;0,010654
46000;0,844255;3,627599;340,550103;2,575717E-14;0,010652
46100;0,845174;3,623202;340,182507;2,264855E-14;0,010651
46200;0,843345;3,617813;339,721503;3,10862E-15;0,010649
46300;0,842083;3,61069;339,786447;3,552714E-14;0,010626
46400;0,840268;3,602908;339,786447;3,508305E-14;0,010603
46500;0,838461;3,59516;339,786447;3,508305E-14;0,010581
46600;0,836662;3,587445;339,786447;3,552714E-14;0,010558
46700;0,83487;3,579763;339,786447;3,463896E-14;0,010535
46800;0,833086;3,572114;339,786447;3,508305E-14;0,010513
46900;0,83131;3,564497;339,786447;3,508305E-14;0,01049
47000;0,83074;3,557671;339,169477;4,92939E-14;0,010489
47100;0,832893;3,551873;337,966068;2,975398E-14;0,01051
47200;0,831129;3,546466;338,168088;3,019807E-14;0,010487
47300;0,830972;3,540026;337,58719;3,774758E-14;0,010486
47400;0,832428;3,535717;335,857646;4,174439E-14;0,010527
47500;0,830676;3,537976;335,436828;3,241851E-14;0,010547
47600;0,831182;3,538953;336,2359;2,398082E-14;0,010525
47700;0,833866;3,538148;336,194503;3,197442E-14;0,010524
47800;0,832122;3,538704;336,282414;6,084022E-14;0,010523
47900;0,838283;3,538812;336,32758;1,0214052E-13;0,010522
48000;0,836537;3,538916;336,372222;1,0791368E-13;0,010521
48100;0,834797;3,542135;336,048709;1,2168044E-13;0,010541
48200;0,833706;3,549201;336,093335;1,5720758E-13;0,01056
48300;0,835917;3,555627;336,738791;1,4743762E-13;0,010559
48400;0,83419;3,563411;337,512902;1,4432899E-13;0,010558
48500;0,841389;3,571639;337,669566;1,7985613E-13;0,010577
48600;0,839658;3,580751;339,22902;1,7941204E-13;0,010556
48700;0,837934;3,591638;340,297227;1,5720758E-13;0,010554
48800;0,836217;3,602721;342,0482;1,5720758E-13;0,010533
48900;0,837661;3,612748;343,703082;1,7319479E-13;0,010511
49000;0,835952;3,622607;344,007262;1,2789769E-13;0,010531
49100;0,836509;3,631879;344,257249;1,0791368E-13;0,01055
49200;0,839104;3,643157;344,698697;1,1590728E-13;0,010569
49300;0,837402;3,654023;346,429467;1,1590728E-13;0,010548
49400;0,838794;3,66337;348,020178;1,234568E-13;0,010526
49500;0,837953;3,672478;348,920666;1,2478907E-13;0,010525
49600;0,839088;3,679472;349,620366;1,7719159E-13;0,010524
49700;0,841595;3,685389;350,888552;1,5454305E-13;0,010503
49800;0,839905;3,690037;352,037977;1,5454305E-13;0,010482
49900;0,83924;3,698603;351,54339;1,2656542E-13;0,010521
50000;0,839411;3,704506;352,139356;1,4610535E-13;0,01052
50100;0,841725;3,701157;352,524659;1,4876989E-13;0,010499
50200;0,840048;3,696521;352,116436;1,3722357E-13;0,010498
50300;0,84082;3,694816;351,321792;1,4921397E-13;0,010517
50400;0,843514;3,694622;350,675993;1,5454305E-13;0,010536
50500;0,841843;3,693247;351,240964;1,5409896E-13;0,010515
50600;0,841086;3,691075;351,068432;1,5543122E-13;0,010514
50700;0,841495;3,687783;351,448473;1,6697754E-13;0,010493
50800;0,840322;3,681284;351,521086;1,5454305E-13;0,010472
50900;0,84047;3,677024;350,487836;1,4521717E-13;0,010491
51000;0,838831;3,669823;349,833565;1,1723955E-13;0,01049
51100;0,842758;3,665897;348,192031;9,325873E-14;0,010528
51200;0,841112;3,662643;348,563779;9,370282E-14;0,010508
51300;0,839473;3,661779;347,869016;6,661338E-14;0,010526
51400;0,840658;3,659344;348,315375;5,018208E-14;0,010506
51500;0,839787;3,655875;348,0177;6,483702E-14;0,010505
51600;0,838159;3,64879;348,0177;6,528111E-14;0,010484
51700;0,838442;3,643148;347,510579;5,995204E-14;0,010484
51800;0,840233;3,637674;347,019335;5,329071E-14;0,010483
51900;0,838614;3,633233;345,990451;4,218847E-14;0,010501
52000;0,840583;3,631093;344,556268;4,574119E-14;0,010538
52100;0,83897;3,627962;344,921231;4,574119E-14;0,010518
52200;0,839873;3,624245;344,600323;7,194245E-14;0,010517
52300;0,838267;3,61805;344,67034;7,238654E-14;0,010497
52400;0,839761;3,611252;344,05381;6,528111E-14;0,010496
52500;0,838162;3,606278;344,235629;6,528111E-14;0,010476
52600;0,836568;3,600497;344,338402;5,417888E-14;0,010456
52700;0,840296;3,593877;343,111075;5,329071E-14;0,010474
52800;0,838705;3,592252;342,366232;2,531308E-14;0,010492
52900;0,837119;3,591132;342,907748;2,575717E-14;0,010473
53000;0,838809;3,590335;342,860813;5,906386E-14;0,010472
53100;0,837229;3,59151;341,772702;8,970602E-14;0,010508
53200;0,837493;3,594778;342,727982;9,992007E-14;0,010489
53300;0,838016;3,595845;341,637331;9,503509E-14;0,010525
53400;0,838211;3,59802;341,268681;9,237056E-14;0,010543
53500;0,838353;3,600805;341,565737;1,0347279E-13;0,010542
53600;0,838764;3,603318;341,23298;5,240253E-14;0,01056
53700;0,84102;3,605262;341,45074;5,062617E-14;0,010559
53800;0,839457;3,604194;341,383165;6,750156E-14;0,010558
53900;0,840139;3,60436;340,83338;1,1279866E-13;0,010575
54000;0,842552;3,605865;339,819695;1,2123635E-13;0,010611
54100;0,840995;3,608442;340,692295;1,2168044E-13;0,010591
54200;0,842048;3,610698;341,535471;1,3722357E-13;0,010572
54300;0,840497;3,611415;342,233552;1,3722357E-13;0,010552
54400;0,843982;3,61088;342,215837;1,7053026E-13;0,010551
54500;0,842434;3,611578;342,314777;1,8207658E-13;0,01055
54600;0,841283;3,614273;342,009204;1,9095836E-13;0,010568
54700;0,843894;3,61682;342,283859;1,9229063E-13;0,010567
54800;0,842354;3,620741;342,688403;2,0339286E-13;0,010566
54900;0,842767;3,623687;343,593093;1,9584334E-13;0,010546
55000;0,843097;3,624556;343,116289;2,4646951E-13;0,010564
55100;0,844188;3,626247;343,900527;2,5979219E-13;0,010544
55200;0,842659;3,626924;344,588995;2,593481E-13;0,010525
55300;0,842977;3,630226;343,164923;2,4824587E-13;0,010579
55400;0,844185;3,632748;343,437294;2,553513E-13;0,010578
55500;0,847915;3,634694;343,070581;2,2826185E-13;0,010595
55600;0,84639;3,64068;343,670306;2,3847591E-13;0,010594
55700;0,84487;3,646711;344,858761;2,3803182E-13;0,010575
55800;0,844524;3,653943;344,991556;2,4602542E-13;0,010591
55900;0,845908;3,658314;346,023309;2,4424907E-13;0,010572
56000;0,847393;3,662567;346,459058;2,3758773E-13;0,010571
56100;0,845882;3,666734;347,472572;2,3758773E-13;0,010553
56200;0,846006;3,668513;348,260877;2,2692959E-13;0,010534
56300;0,847073;3,669975;347,259818;2,2826185E-13;0,010568
56400;0,846671;3,672649;347,546014;2,3137048E-13;0,010567
56500;0,847046;3,674108;347,71705;2,3847591E-13;0,010566
56600;0,85006;3,674161;347,174488;2,2737368E-13;0,010583
56700;0,84856;3,672972;347,675322;2,264855E-13;0,010564
56800;0,849215;3,671764;348,173993;2,3181457E-13;0,010546
56900;0,847722;3,668826;348,507883;2,3092639E-13;0,010527
57000;0,848345;3,664909;348,166379;2,3181457E-13;0,010526
57100;0,848806;3,661282;347,85222;2,1227464E-13;0,010525
57200;0,849393;3,657541;348,105427;1,7896795E-13;0,010507
57300;0,850333;3,65345;347,745371;1,4654944E-13;0,010506
57400;0,848851;3,649957;347,442037;1,6298074E-13;0,010505
57500;0,850308;3,647078;346,623107;1,6076029E-13;0,010522
57600;0,850713;3,646344;346,583232;9,192647E-14;0,010521
57700;0,85298;3,643436;346,336524;4,485301E-14;0,01052
57800;0,851505;3,641082;346,142307;5,018208E-14;0,010519
57900;0,850034;3,639974;346,635728;5,018208E-14;0,010501
58000;0,853099;3,638197;345,926964;1,687539E-14;0,010517
58100;0,851631;3,639312;346,062259;2,309264E-14;0,010516
58200;0,851778;3,642038;346,350719;1,2168044E-13;0,010515
58300;0,854179;3,641946;346,937006;9,681145E-14;0,010497
58400;0,852716;3,641783;346,949635;1,3633539E-13;0,010497
58500;0,853101;3,642822;346,512341;1,4122037E-13;0,010513
58600;0,852697;3,646348;346,87663;1,4210855E-13;0,010512
58700;0,852597;3,646157;347,450321;1,2390089E-13;0,010494
58800;0,853521;3,643914;347,82817;8,65974E-14;0,010476
58900;0,852867;3,642247;347,133238;7,061018E-14;0,010492
59000;0,853011;3,64182;344,891462;-2,309264E-14;0,010559
59100;0,857858;3,643883;345,117795;-3,153033E-14;0,010558
59200;0,856409;3,646174;345,919077;-3,108624E-14;0,010541
59300;0,854965;3,65061;345,816559;-4,662937E-14;0,010556
59400;0,853937;3,655992;346,910385;-1,154632E-14;0,010539
59500;0,854396;3,65822;347,706206;-2,04281E-14;0,010521
59600;0,857222;3,657662;347,682037;-2,88658E-14;0,01052
59700;0,855786;3,65786;347,176856;-6,21725E-15;0,010536
59800;0,855058;3,660899;347,494899;2,664535E-14;0,010535
59900;0,857885;3,660684;348,055491;1,0080825E-13;0,010518
60000;0,856455;3,659583;348,531681;1,0080825E-13;0,0105
60100;0,85592;3,65803;348,964427;1,1368684E-13;0,010483
60200;0,856064;3,655257;348,726555;1,1501911E-13;0,010482
60300;0,858411;3,650711;348,319388;1,234568E-13;0,010481
60400;0,85699;3,646322;348,477616;1,234568E-13;0,010464
60500;0,857251;3,642424;347,581435;1,3633539E-13;0,010479
60600;0,861545;3,639135;347,841618;1,0969003E-13;0,010462
60700;0,860125;3,634787;347,999347;1,0924595E-13;0,010445
60800;0,858711;3,632358;347,244239;1,0480505E-13;0,010461
60900;0,857301;3,633844;346,866944;9,85878E-14;0,010476
61000;0,857633;3,637851;346,191712;7,238654E-14;0,010508
61100;0,861576;3,641993;347,154101;1,0924595E-13;0,010491
61200;0,860168;3,647005;347,658424;1,2523316E-13;0,01049
61300;0,858765;3,653305;347,744758;1,5187851E-13;0,010506
61400;0,861458;3,661074;348,511509;1,7408297E-13;0,010505
61500;0,860058;3,666503;349,59678;1,7363888E-13;0,010488
61600;0,859005;3,673091;350,251433;1,4610535E-13;0,010487
61700;0,859717;3,679858;349,841707;1,3278267E-13;0,010519
61800;0,860814;3,687524;351,138642;1,4610535E-13;0,010502
61900;0,861324;3,695879;350,881803;1,7053026E-13;0,010533
62000;0,859935;3,704999;351,776368;1,7141844E-13;0,010532
62100;0,860354;3,715372;352,251323;1,1368684E-13;0,010548
62200;0,861055;3,724914;353,185463;1,5587531E-13;0,010547
62300;0,861999;3,735623;354,230289;1,3411494E-13;0,010546
62400;0,860617;3,746538;355,294772;1,030287E-13;0,010545
62500;0,860826;3,756687;356,286708;7,860379E-14;0,010544
62600;0,862511;3,765109;357,656817;5,506706E-14;0,010527
62700;0,861344;3,777414;356,69252;1,33227E-15;0,01059
62800;0,861894;3,790381;357,948715;1,64313E-14;0,010589
62900;0,862225;3,803658;358,695741;-3,55271E-15;0,010604
63000;0,862046;3,816934;360,520028;-1,731948E-14;0,010587
63100;0,862358;3,824433;361,260074;-5,639933E-14;0,010586
63200;0,862954;3,83109;361,380398;-3,9968E-15;0,010601
63300;0,86266;3,839014;362,16032;-3,55271E-15;0,0106
63400;0,864049;3,845977;361,772894;3,819167E-14;0,010631
63500;0,863091;3,85447;362,605729;4,796163E-14;0,01063
63600;0,863572;3,861534;363,304067;9,76996E-15;0,010629
63700;0,863426;3,868487;363,992044;-1,065814E-14;0,010628
63800;0,86512;3,872937;364,982849;-2,620126E-14;0,010611
63900;0,866469;3,874637;365,715333;-2,220446E-14;0,010595
64000;0,865115;3,876145;365,889802;-3,508305E-14;0,010594
64100;0,866354;3,879087;365,661041;-2,087219E-14;0,010608
64200;0,865004;3,880833;366,396335;-2,087219E-14;0,010592
64300;0,867183;3,881254;366,467843;-9,32587E-15;0,010591
64400;0,865836;3,882394;366,60725;-5,417888E-14;0,01059
64500;0,865936;3,883523;367,28336;-4,618528E-14;0,010574
64600;0,865995;3,883692;367,330158;-4,218847E-14;0,010573
64700;0,866435;3,885969;366,504645;-2,842171E-14;0,010603
64800;0,866086;3,889929;366,377045;6,483702E-14;0,010617
64900;0,866907;3,893545;367,283513;6,483702E-14;0,010601
65000;0,868851;3,899622;366,82405;1,0036416E-13;0,010631
65100;0,867516;3,907219;367,572232;8,926193E-14;0,01063
65200;0,868014;3,916705;367,437619;1,358913E-13;0,01066
65300;0,871386;3,927487;369,014277;1,5809576E-13;0,010643
65400;0,870054;3,937548;369,993706;1,5054624E-13;0,010642
65500;0,868726;3,949258;370,596556;1,6164847E-13;0,010656
65600;0,867401;3,96348;371,966121;1,5454305E-13;0,010655
65700;0,869301;3,975227;373,637217;1,7230661E-13;0,010639
65800;0,86798;3,982863;374,92477;1,7186252E-13;0,010623
65900;0,868595;3,988854;375,522095;2,0072832E-13;0,010622
66000;0,868284;3,992072;375,858397;1,4432899E-13;0,010621
66100;0,870487;3,994821;376,150566;1,5720758E-13;0,01062
66200;0,869172;3,996613;376,352425;1,2789769E-13;0,010619
66300;0,873376;3,99874;376,585929;2,1671553E-13;0,010618
66400;0,872061;3,998426;376,589371;1,6653345E-13;0,010617
66500;0,870749;3,998429;377,156747;1,6653345E-13;0,010602
66600;0,869442;3,99846;377,191808;1,9451107E-13;0,010601
66700;0,86995;3,997513;377,134536;9,725554E-14;0,0106
66800;0,871114;3,996006;377,024322;4,44089E-15;0,010599
66900;0,870139;3,992898;377,295029;-1,199041E-14;0,010583
67000;0,871376;3,990705;375,529814;-1,154632E-14;0,010627
67100;0,870446;3,989602;375,459044;2,04281E-14;0,010626
67200;0,872742;3,985598;375,641252;4,352074E-14;0,01061
67300;0,871446;3,981162;375,781505;4,352074E-14;0,010594
67400;0,870932;3,977197;375,438495;7,10543E-15;0,010593
67500;0,870561;3,9717;374,950679;-1,598721E-14;0,010593
67600;0,869728;3,966821;374,521135;-3,641532E-14;0,010592
67700;0,868444;3,960975;374,522327;-1,64313E-14;0,010576
67800;0,867506;3,955476;374,032429;-4,92939E-14;0,010575
67900;0,869104;3,951172;372,100631;-8,43769E-15;0,010619
68000;0,867826;3,94894;371,922302;-9,32587E-15;0,010618
68100;0,867889;3,946633;371,736841;-4,13003E-14;0,010617
68200;0,869269;3,942058;370,825312;2,664535E-14;0,01063
68300;0,867997;3,938231;370,497517;4,574119E-14;0,01063
68400;0,868711;3,935791;369,791349;-2,220446E-14;0,010643
68500;0,876455;3,934055;369,154479;-5,506706E-14;0,010657
68600;0,875177;3,932041;368,998621;-5,995204E-14;0,010656
68700;0,873903;3,930957;368,426664;-2,620126E-14;0,01067
68800;0,872633;3,933523;368,700783;-1,77636E-15;0,010669
68900;0,871367;3,938186;368,669848;1,199041E-14;0,010682
69000;0,870104;3,944512;369,296257;-3,197442E-14;0,010681
69100;0,870461;3,95165;370,500738;-1,731948E-14;0,010666
69200;0,872274;3,958535;371,179667;-7,949197E-14;0,010665
69300;0,871015;3,964366;372,263678;-7,993606E-14;0,010649
69400;0,86976;3,970181;373,347689;-7,949197E-14;0,010634
69500;0,870351;3,974712;374,312302;-9,947598E-14;0,010619
69600;0,870062;3,978195;375,17939;-1,1546319E-13;0,010603
69700;0,870423;3,980923;374,959892;-1,5187851E-13;0,010617
69800;0,871753;3,985057;375,380583;-1,9806379E-13;0,010616
69900;0,870805;3,987924;376,188768;-1,5898394E-13;0,010601
70000;0,871961;3,987887;376,215709;-1,4654944E-13;0,0106
70100;0,87138;3,985931;375,556106;-1,0791368E-13;0,010613
70200;0,874116;3,984365;375,439453;-6,705747E-14;0,010613
70300;0,872873;3,983619;375,400006;-6,883383E-14;0,010612
70400;0,871633;3,983642;375,936199;-6,883383E-14;0,010597
70500;0,874328;3,982903;375,896463;-3,996803E-14;0,010596
70600;0,87309;3,984035;376,033234;-8,171241E-14;0,010595
70700;0,872224;3,98534;376,689236;-6,261658E-14;0,01058
70800;0,874524;3,982271;376,931545;-7,41629E-14;0,010565
70900;0,873291;3,97911;376,66077;-8,437695E-14;0,010564
71000;0,878129;3,975868;376,382148;-1,030287E-13;0,010563
71100;0,876894;3,973089;376,648815;-1,0258461E-13;0,010549
71200;0,875662;3,970318;376,915482;-1,0258461E-13;0,010534
71300;0,874434;3,968219;376,742988;-1,2523316E-13;0,010533
71400;0,873955;3,967001;376,654125;-9,992007E-14;0,010532
71500;0,873496;3,964963;376,987829;-9,903189E-14;0,010517
71600;0,873945;3,960821;376,120365;-8,348877E-14;0,010531
71700;0,873685;3,958226;375,900408;-6,084022E-14;0,01053
71800;0,8748;3,956376;375,254664;-7,327472E-14;0,010543
71900;0,875249;3,956146;374,765372;-1,3100632E-13;0,010556
72000;0,874033;3,955681;374,256276;-1,1901591E-13;0,010569
72100;0,876428;3,955265;374,736628;-1,274536E-13;0,010555
72200;0,875214;3,953941;375,130846;-1,2789769E-13;0,01054
72300;0,877251;3,952208;375,485723;-1,3855583E-13;0,010526
72400;0,876039;3,950331;375,33328;-1,3322676E-13;0,010525
72500;0,874831;3,94902;375,72698;-1,3367085E-13;0,01051
72600;0,876033;3,948279;375,189819;-1,358913E-13;0,010523
72700;0,875157;3,947959;375,676209;-1,523226E-13;0,010509
72800;0,87531;3,945892;374,525381;-1,4610535E-13;0,010536
72900;0,876795;3,945918;374,066901;-1,523226E-13;0,010549
73000;0,878415;3,947335;374,714525;-1,7941204E-13;0,010534
73100;0,877213;3,947407;375,234681;-1,7896795E-13;0,01052
73200;0,876015;3,949504;374,486682;-2,220446E-13;0,010546
73300;0,87661;3,953304;374,873453;-2,3225866E-13;0,010546
73400;0,876542;3,95674;375,225752;-2,1227464E-13;0,010545
73500;0,879451;3,959312;375,495999;-2,264855E-13;0,010544
73600;0,878256;3,96352;375,437702;-2,1893598E-13;0,010557
73700;0,877064;3,969071;375,990405;-2,3581137E-13;0,010556
73800;0,877751;3,976196;375,727603;-2,6512126E-13;0,010583
73900;0,878525;3,981067;376,697676;-2,8510527E-13;0,010568
74000;0,877338;3,985147;377,593963;-2,8510527E-13;0,010554
74100;0,877604;3,987178;377,813163;-2,4202862E-13;0,010553
74200;0,87824;3,988664;377,980683;-1,4432899E-13;0,010553
74300;0,879706;3,988734;378,4967;-1,6608936E-13;0,010538
74400;0,878523;3,986061;378,752128;-1,6653345E-13;0,010524
74500;0,878391;3,98386;377,605081;-1,4699353E-13;0,01055
74600;0,879492;3,983112;377,081425;-1,936229E-13;0,010563
74700;0,878635;3,982997;377,576023;-2,1138646E-13;0,010549
74800;0,87899;3,979094;377,232254;-2,1227464E-13;0,010548
74900;0,877817;3,974614;377,311244;-2,1982416E-13;0,010534
75000;0,877344;3,97021;376,44217;-2,2959412E-13;0,010547
75100;0,877469;3,966501;376,591916;-2,5002223E-13;0,010533
75200;0,876302;3,961433;376,611565;-2,6956215E-13;0,010519
75300;0,875138;3,956172;376,611565;-2,6867397E-13;0,010505
75400;0,874399;3,951347;376,17617;-2,0516921E-13;0,010504
75500;0,873241;3,946113;376,17617;-2,0516921E-13;0,01049
75600;0,873758;3,941141;375,725377;-2,2470914E-13;0,010489
75700;0,872603;3,937255;375,85148;-2,2426505E-13;0,010476
75800;0,872982;3,933427;375,036206;-2,2115643E-13;0,010488
75900;0,872674;3,932289;374,010937;-1,6520119E-13;0,010514
76000;0,873237;3,928235;373,649346;-2,1183055E-13;0,010513
76100;0,872089;3,924387;373,774502;-2,1049829E-13;0,010499
76200;0,871101;3,919507;372,866942;-1,2789769E-13;0,010512
76300;0,869959;3,91437;372,866942;-1,274536E-13;0,010498
76400;0,868821;3,909246;372,866942;-1,274536E-13;0,010484
76500;0,868548;3,904263;372,414124;-1,5809576E-13;0,010484
76600;0,867414;3,899901;372,484349;-1,7852386E-13;0,01047
76700;0,866283;3,894817;372,484349;-1,7807977E-13;0,010456
76800;0,865401;3,889992;372,044026;-1,5853985E-13;0,010456
76900;0,864393;3,88505;371,592461;-1,1324275E-13;0,010455
77000;0,86327;3,880004;371,592461;-1,1279866E-13;0,010442
77100;0,862996;3,875346;371,166655;-9,769963E-14;0,010441
77200;0,863927;3,871401;370,809137;-7,860379E-14;0,01044
77300;0,862809;3,869702;369,750307;-7,149836E-14;0,010466
77400;0,865758;3,869973;368,886563;-3,330669E-14;0,010491
77500;0,864641;3,873236;368,766329;-7,10543E-15;0,010503
77600;0,863526;3,878656;368,85254;2,353673E-14;0,010515
77700;0,867082;3,884533;369,434739;4,307665E-14;0,010515
77800;0,865968;3,891108;370,536331;4,263256E-14;0,010501
77900;0,864856;3,897666;371,637922;4,218847E-14;0,010488
78000;0,865328;3,905242;372,382447;5,639933E-14;0,010487
78100;0,86422;3,912962;373,140824;2,620126E-14;0,010487
78200;0,864484;3,921404;373,512525;6,57252E-14;0,010499
78300;0,864585;3,929796;374,334582;9,636736E-14;0,010498
78400;0,864711;3,938014;375,140126;8,792966E-14;0,010497
78500;0,86569;3,945159;376,300134;9,681145E-14;0,010484
78600;0,865919;3,951501;376,92719;1,0524914E-13;0,010483
78700;0,865265;3,957631;377,992185;8,21565E-14;0,01047
78800;0,865551;3,961565;378,389476;1,2878587E-13;0,01047
78900;0,865782;3,964746;378,714857;1,8696156E-13;0,010469
79000;0,865658;3,967658;379,473367;2,0783375E-13;0,010456
79100;0,865799;3,969728;379,692285;1,7097435E-13;0,010455
79200;0,866428;3,970701;380,265423;2,1938007E-13;0,010442
79300;0,869823;3,968688;380,552522;2,1671553E-13;0,010429
79400;0,868728;3,966208;380,79436;2,1627145E-13;0,010416
79500;0,867635;3,963735;381,036198;2,1627145E-13;0,010403
79600;0,870347;3,962202;380,907353;2,0694557E-13;0,010402
79700;0,869255;3,959401;380,656566;1,7408297E-13;0,010402
79800;0,868166;3,958054;380,545429;1,5853985E-13;0,010401
79900;0,867403;3,957836;380,542817;1,4255264E-13;0,010401
80000;0,874457;3,95579;380,364388;1,6564528E-13;0,0104
80100;0,873366;3,953348;380,604773;1,6520119E-13;0,010387
80200;0,872277;3,952327;380,067848;1,4921397E-13;0,010399
80300;0,871191;3,953435;380,192596;1,3677948E-13;0,010399
80400;0,870107;3,955621;380,420994;1,0569323E-13;0,010398
80500;0,869026;3,958161;381,138697;1,0613732E-13;0,010385
80600;0,868589;3,960731;381,403741;3,996803E-14;0,010385
80700;0,868526;3,962324;382,030568;5,151435E-14;0,010372
80800;0,86879;3,962991;382,111803;1,2123635E-13;0,010371
80900;0,870729;3,961353;382,426518;2,2959412E-13;0,010358
81000;0,869654;3,958752;382,191836;2,7089442E-13;0,010358
81100;0,872232;3,955823;382,380536;2,509104E-13;0,010345
81200;0,871158;3,95266;382,09049;2,2559732E-13;0,010345
81300;0,870086;3,950951;381,940913;2,1360691E-13;0,010344
81400;0,869925;3,949222;382,243355;2,0206059E-13;0,010332
81500;0,870022;3,946189;381,964879;3,1441516E-13;0,010331
81600;0,869851;3,943303;381,700533;2,0428104E-13;0,010331
81700;0,869586;3,939276;381,325688;1,5853985E-13;0,01033
81800;0,868523;3,934461;381,325688;1,5809576E-13;0,010318
81900;0,867674;3,929843;380,442295;1,7053026E-13;0,01033
82000;0,867309;3,925769;379,614433;1,5587531E-13;0,010341
82100;0,868268;3,921699;378,790021;1,2390089E-13;0,010353
82200;0,867211;3,920008;378,197951;1,2922996E-13;0,010365
82300;0,866621;3,917073;378,374559;1,9850788E-13;0,010352
82400;0,865569;3,912319;378,374559;1,9850788E-13;0,01034
82500;0,86488;3,907829;377,955296;2,7089442E-13;0,010339
82600;0,868743;3,904254;377,182906;2,5668356E-13;0,010351
82700;0,867693;3,902817;377,059532;2,5046631E-13;0,010351
82800;0,866645;3,90529;375,997699;2,1227464E-13;0,010386
82900;0,865599;3,910142;376,044976;1,7408297E-13;0,010398
83000;0,866163;3,915887;376,178984;2,4202862E-13;0,01041
83100;0,865654;3,923423;376,920772;2,0294877E-13;0,010409
83200;0,865751;3,929863;377,993757;1,5054624E-13;0,010397
83300;0,866851;3,935186;378,523054;2,2915003E-13;0,010396
83400;0,865812;3,941382;378,699648;1,89182E-13;0,010408
83500;0,866031;3,948575;379,408572;2,6023628E-13;0,010407
83600;0,868001;3,954496;380,432551;1,6564528E-13;0,010395
83700;0,866964;3,958742;380,858264;1,2034818E-13;0,010394
83800;0,869577;3,962682;381,692842;8,926193E-14;0,010382
83900;0,86854;3,966763;381,664512;1,2256862E-13;0,010393
84000;0,867506;3,972382;382,222314;1,3056223E-13;0,010393
84100;0,866945;3,977883;383,207246;1,2034818E-13;0,01038
84200;0,867241;3,97988;383,855509;9,281464E-14;0,010368
84300;0,867664;3,979701;383,854449;1,5454305E-13;0,010368
84400;0,867814;3,978971;384,239309;1,8607338E-13;0,010355
84500;0,868308;3,976995;384,064083;2,5179858E-13;0,010355
84600;0,868913;3,974237;384,25194;2,9265479E-13;0,010343
84700;0,867888;3,971368;383,989603;2,5313085E-13;0,010342
84800;0,868171;3,96836;383,276639;1,7585933E-13;0,010354
84900;0,867544;3,964391;383,344917;1,318945E-13;0,010342
85000;0,86679;3,959994;382,934608;1,7319479E-13;0,010341
85100;0,865771;3,955341;382,934608;1,727507E-13;0,010329
85200;0,865587;3,951235;381,251629;1,2301271E-13;0,010364
85300;0,868063;3,950812;380,795778;1,6742163E-13;0,010375
85400;0,867046;3,951755;380,902831;1,6830981E-13;0,010375
85500;0,866032;3,953175;381,055726;1,2301271E-13;0,010374
85600;0,866771;3,954951;381,672849;8,482104E-14;0,010362
85700;0,867692;3,956138;382,233446;1,3855583E-13;0,01035
85800;0,86668;3,956781;382,310576;1,3855583E-13;0,01035
85900;0,867057;3,959042;382,114279;5,329071E-14;0,010361
86000;0,866721;3,958879;382,54334;4,884981E-14;0,010349
86100;0,86755;3,957065;382,812651;5,995204E-14;0,010337
86200;0,86689;3,955468;382,672673;9,85878E-14;0,010336
86300;0,867044;3,954193;382,135356;9,547918E-14;0,010348
86400;0,869439;3,952392;381,976139;1,2922996E-13;0,010347
86500;0,868434;3,952611;381,160396;3,28626E-14;0,01037
86600;0,867431;3,956708;380,723189;2,4869E-14;0,010393
86700;0,8674;3,960633;381,540955;2,575717E-14;0,010381
86800;0,86877;3,961006;382,017027;5,817569E-14;0,010369
86900;0,867771;3,961463;381,230519;1,865175E-14;0,010391
87000;0,867956;3,962055;381,304013;6,528111E-14;0,010391
87100;0,870735;3,962257;381,761754;1,0214052E-13;0,010379
87200;0,869736;3,962301;382,204232;1,0125234E-13;0,010367
87300;0,86874;3,963462;382,331792;7,283063E-14;0,010367
87400;0,868743;3,963396;382,763335;-4,13003E-14;0,010355
87500;0,870025;3,963431;381,938519;1,731948E-14;0,010377
87600;0,869032;3,964925;381,678462;3,819167E-14;0,010388
87700;0,869047;3,967269;382,340075;5,861978E-14;0,010376
87800;0,869658;3,966784;381,889966;9,281464E-14;0,010387
87900;0,869987;3,96634;382,282082;1,0835777E-13;0,010375
88000;0,870862;3,96639;381,466993;1,1857182E-13;0,010398
88100;0,869873;3,967563;382,013441;1,1857182E-13;0,010386
88200;0,870002;3,968146;382,085688;9,103829E-14;0,010385
88300;0,870068;3,969334;381,384289;-2,22045E-15;0,010408
88400;0,869936;3,971702;380,800912;-3,863576E-14;0,01043
88500;0,87182;3,971311;380,36903;2,88658E-14;0,010441
88600;0,870836;3,970214;380,693706;2,88658E-14;0,010429
88700;0,871354;3,969366;380,219006;-1,0746959E-13;0,01044
88800;0,872562;3,967045;380,425006;-1,0613732E-13;0,010428
88900;0,87158;3,963778;380,129319;-1,318945E-13;0,010427
89000;0,870817;3,961493;379,927626;-1,2390089E-13;0,010427
89100;0,871057;3,958218;380,040107;-4,796163E-14;0,010415
89200;0,870084;3,953928;379,645203;-2,797762E-14;0,010415
89300;0,86911;3,9495;379,645203;-2,797762E-14;0,010403
89400;0,868138;3,945083;379,645203;-2,753353E-14;0,010391
89500;0,867168;3,940675;379,645203;-2,753353E-14;0,01038
89600;0,866338;3,936415;379,250279;-5,329071E-14;0,010379
89700;0,865833;3,932487;378,887324;-9,76996E-15;0,010379
89800;0,866419;3,928193;378,489023;3,641532E-14;0,010379
89900;0,865455;3,924936;378,596319;3,641532E-14;0,010367
90000;0,864655;3,921087;378,239877;3,375078E-14;0,010367
90100;0,863695;3,916735;378,239877;3,330669E-14;0,010355
90200;0,862738;3,912393;378,239877;3,330669E-14;0,010344
90300;0,866361;3,908584;376,675665;4,973799E-14;0,010377
90400;0,865403;3,907388;376,174521;4,085621E-14;0,010387
90500;0,864447;3,908696;375,915994;2,620126E-14;0,010398
90600;0,863492;3,911004;376,553613;2,620126E-14;0,010386
90700;0,86499;3,91295;377,156838;4,884981E-14;0,010375
90800;0,864037;3,914498;377,320995;7,505108E-14;0,010374
90900;0,863217;3,918328;377,305123;4,263256E-14;0,010385
91000;0,864777;3,918732;377,359378;-7,41629E-14;0,010385
91100;0,863828;3,920365;377,133365;-6,927792E-14;0,010395
91200;0,864965;3,921431;377,64998;-1,0835777E-13;0,010384
91300;0,864017;3,923629;377,081404;-1,0258461E-13;0,010405
91400;0,864136;3,925324;376,864049;-1,6608936E-13;0,010416
91500;0,864148;3,926835;377,025611;-1,8340884E-13;0,010415
91600;0,866011;3,928407;377,192942;-1,2967405E-13;0,010415
91700;0,865066;3,929575;377,717051;-1,3056223E-13;0,010403
91800;0,866149;3,931045;377,874287;-1,7497115E-13;0,010403
91900;0,865207;3,930032;378,188424;-1,7497115E-13;0,010392
92000;0,867381;3,929351;377,74322;-1,9895197E-13;0,010402
92100;0,866439;3,929714;377,006943;-2,6822988E-13;0,010423
92200;0,865499;3,9326;377,300425;-2,0916602E-13;0,010423
92300;0,867271;3,93535;377,580847;-2,1938007E-13;0,010423
92400;0,866333;3,939323;377,586522;-2,1538327E-13;0,010433
92500;0,867132;3,944625;378,50392;-1,9406698E-13;0,010422
92600;0,866195;3,949894;379,026128;-1,9140245E-13;0,010421
92700;0,868714;3,954748;379,901675;-1,7941204E-13;0,01041
92800;0,867778;3,95994;380,416616;-2,3669955E-13;0,010409
92900;0,866844;3,965365;381,348293;-2,3625546E-13;0,010398
93000;0,866594;3,970403;382,243731;-2,7799985E-13;0,010387
93100;0,867138;3,977001;381,710102;-4,0500936E-13;0,010419
93200;0,867489;3,983096;382,705691;-3,6504133E-13;0,010408
93300;0,867452;3,989586;382,950986;-4,4098059E-13;0,010418
93400;0,867796;3,996423;383,229881;-3,8236081E-13;0,010428
93500;0,867036;4,003778;384,346231;-4,4142467E-13;0,010417
93600;0,868285;4,010941;384,262131;-5,2580162E-13;0,010438
93700;0,867359;4,019467;385,490381;-5,2491345E-13;0,010427
93800;0,867617;4,027268;386,255312;-5,4889426E-13;0,010426
93900;0,867979;4,036555;386,373627;-4,6451731E-13;0,010447
94000;0,868101;4,044798;387,574892;-3,8369308E-13;0,010436
94100;0,8685;4,051854;388,268318;-3,0642155E-13;0,010436
94200;0,869824;4,057756;389,247046;-2,8865799E-13;0,010425
94300;0,868902;4,062997;390,163543;-2,8865799E-13;0,010414
94400;0,872633;4,067937;391,052208;-2,8155256E-13;0,010403
94500;0,87171;4,072098;391,866872;-2,797762E-13;0,010392
94600;0,870788;4,076693;392,324697;-2,6023628E-13;0,010391
94700;0,869869;4,081892;393,240262;-2,6023628E-13;0,01038
94800;0,868951;4,089182;393,158681;-3,7569947E-13;0,010401
94900;0,869255;4,097078;393,933855;-3,4638958E-13;0,0104
95000;0,869577;4,103554;394,972232;-2,4957814E-13;0,010389
95100;0,869579;4,10797;395,813553;-3,126388E-13;0,010379
95200;0,869469;4,109246;396,352784;-2,9842795E-13;0,010368
95300;0,870922;4,109222;396,766806;-2,469136E-13;0,010357
95400;0,870009;4,109107;397,172075;-2,4602542E-13;0,010346
95500;0,869863;4,108303;397,51054;-2,1671553E-13;0,010335
95600;0,87032;4,106585;397,357833;-2,6911806E-13;0,010335
95700;0,869814;4,104206;397,543048;-3,3839598E-13;0,010324
95800;0,868977;4,099993;397,147997;-3,1974423E-13;0,010324
95900;0,86843;4,09587;396,761505;-3,4816594E-13;0,010323
96000;0,867525;4,09181;396,781606;-3,9168668E-13;0,010313
96100;0,866623;4,087552;396,781606;-3,907985E-13;0,010302
96200;0,866849;4,083987;396,047887;-3,6948222E-13;0,010312
96300;0,866321;4,080268;395,699698;-3,4372505E-13;0,010312
96400;0,865787;4,076823;395,378005;-3,7303494E-13;0,010311
96500;0,864904;4,072613;394,982089;-4,2277293E-13;0,010311
96600;0,864778;4,069166;394,660107;-4,1300297E-13;0,010311
96700;0,864309;4,065383;394,30547;-3,6770587E-13;0,01031
96800;0,864604;4,062111;394,000297;-3,5171865E-13;0,01031
96900;0,864612;4,059074;393,324248;-2,6911806E-13;0,01032
97000;0,864965;4,055536;392,993952;-2,8599345E-13;0,01032
97100;0,864528;4,053121;392,380913;-3,4106051E-13;0,01033
97200;0,864741;4,050436;392,133892;-3,170797E-13;0,010329
97300;0,86411;4,046755;391,790319;-3,0286884E-13;0,010329
97400;0,863223;4,0426;391,790319;-3,0286884E-13;0,010318
97500;0,862338;4,038454;391,790319;-3,0286884E-13;0,010308
97600;0,861884;4,034712;391,439274;-2,6822988E-13;0,010307
97700;0,861327;4,030942;391,085416;-2,6201263E-13;0,010307
97800;0,860447;4,02682;391,085416;-2,6201263E-13;0,010297
97900;0,859568;4,022707;391,085416;-2,6112446E-13;0,010286
98000;0,858691;4,018602;391,085416;-2,6112446E-13;0,010276
98100;0,858115;4,014805;390,72658;-2,1049829E-13;0,010275
98200;0,857418;4,010894;390,356615;-2,2826185E-13;0,010275
98300;0,856546;4,006814;390,356615;-2,2826185E-13;0,010264
98400;0,860131;4,002839;389,979542;-1,7053026E-13;0,010264
98500;0,859258;4,000716;389,397753;-1,4654944E-13;0,010274
98600;0,858386;3,999886;389,327511;-1,7141844E-13;0,010274
98700;0,857517;3,999886;389,722378;-1,7186252E-13;0,010263
98800;0,856649;4,000143;389,757497;-1,9895197E-13;0,010263
98900;0,856711;3,999865;390,124858;-1,9140245E-13;0,010253
99000;0,857014;3,998033;390,340464;-2,3891999E-13;0,010242
99100;0,857379;3,994736;389,644077;-2,0650148E-13;0,010252
99200;0,857144;3,992604;389,82902;-2,1094237E-13;0,010242
99300;0,856281;3,989089;389,878501;-2,1049829E-13;0,010232
99400;0,857159;3,98572;388,793531;-1,8607338E-13;0,010252
99500;0,856298;3,985611;388,411605;-1,9273472E-13;0,010261
99600;0,856638;3,986063;388,846153;-1,4255264E-13;0,010251
99700;0,856683;3,986589;388,906951;-1,7674751E-13;0,010251
99800;0,856352;3,986111;388,869843;-1,9140245E-13;0,010251
99900;0,85653;3,983352;388,990124;-1,936229E-13;0,01024
100000;0,855673;3,979463;388,999298;-1,8474111E-13;0,01023
100100;0,854818;3,975487;388,999298;-1,8474111E-13;0,01022
100100;0,854818;3,975487;388,999298;-1,8474111E-13;0,01022
